R0	timestart	mean_logL	sim_no
1.0	-50.0	-14.464700130136412	20
1.0	-48.0	-14.558106809927859	20
1.0	-46.0	-14.541344147201357	20
1.0	-44.0	-14.505747530005346	20
1.0	-42.0	-14.659267062686391	20
1.0	-40.0	-14.401493119978747	20
1.0	-38.0	-14.266925793767708	20
1.0	-36.0	-14.498590594004122	20
1.0	-34.0	-14.4800850457618	20
1.0	-32.0	-14.560099904349261	20
1.0	-30.0	-14.531918513029447	20
1.0	-28.0	-14.398473092014035	20
1.0	-26.0	-14.595414011763543	20
1.0	-24.0	-14.459504529275796	20
1.0	-22.0	-14.573599650884969	20
1.0	-20.0	-14.394091325088931	20
1.0	-18.0	-14.543103333461612	20
1.0	-16.0	-14.518754542472625	20
1.0	-14.0	-14.433594219184451	20
1.0	-12.0	-14.295577248029701	20
1.0	-10.0	-14.428933303541134	20
1.0	-8.0	-14.5520804994695	20
1.0	-6.0	-14.662473059077168	20
1.0	-4.0	-14.829205310087534	20
1.0	-2.0	-14.705392211590828	20
1.0	0.0	-14.788922918493459	20
1.0	2.0	-15.052573294455067	20
1.0	4.0	-15.200533073019045	20
1.0	6.0	-15.083517790626274	20
1.0	8.0	-15.190131179642293	20
1.0	10.0	-15.712962354820196	20
1.0	12.0	-15.802531909557468	20
1.0	14.0	-16.066089906209196	20
1.0	16.0	-17.243675115249598	20
1.0	18.0	-17.733663067928603	20
1.0	20.0		20
1.0	22.0		20
1.0	24.0		20
1.0	26.0		20
1.0	28.0		20
1.0	30.0		20
1.0	32.0		20
1.0	34.0		20
1.0	36.0		20
1.1	-50.0	-14.47845649119527	20
1.1	-48.0	-14.132744715280575	20
1.1	-46.0	-14.171548662098562	20
1.1	-44.0	-14.123676446661651	20
1.1	-42.0	-14.022335008143841	20
1.1	-40.0	-13.930032998077511	20
1.1	-38.0	-13.935463355075669	20
1.1	-36.0	-13.829520215500855	20
1.1	-34.0	-13.988155930999406	20
1.1	-32.0	-13.912774042681994	20
1.1	-30.0	-13.809107307284759	20
1.1	-28.0	-13.760026511536376	20
1.1	-26.0	-13.737718992947785	20
1.1	-24.0	-13.727769494594773	20
1.1	-22.0	-13.620857494486847	20
1.1	-20.0	-13.60570531164954	20
1.1	-18.0	-13.492040879276662	20
1.1	-16.0	-13.62199106773667	20
1.1	-14.0	-13.629978584028379	20
1.1	-12.0	-13.523219623489462	20
1.1	-10.0	-13.621695710401886	20
1.1	-8.0	-13.64864956236725	20
1.1	-6.0	-13.650749030870562	20
1.1	-4.0	-13.731671202458731	20
1.1	-2.0	-13.622831379612672	20
1.1	0.0	-13.767997920581092	20
1.1	2.0	-13.699493390977272	20
1.1	4.0	-14.011517690207882	20
1.1	6.0	-13.94694090751403	20
1.1	8.0	-14.087199315859596	20
1.1	10.0	-14.126320250510977	20
1.1	12.0	-14.423635744206697	20
1.1	14.0	-14.761070395434766	20
1.1	16.0	-15.086364002443295	20
1.1	18.0	-15.642126149313148	20
1.1	20.0	-16.504852151313354	20
1.1	22.0		20
1.1	24.0		20
1.1	26.0		20
1.1	28.0		20
1.1	30.0		20
1.1	32.0		20
1.1	34.0		20
1.1	36.0		20
1.2	-50.0	-14.955122664663643	20
1.2	-48.0	-14.373896563111757	20
1.2	-46.0	-14.36465086090522	20
1.2	-44.0	-14.309037272845192	20
1.2	-42.0	-14.176135055141335	20
1.2	-40.0	-14.040463210037899	20
1.2	-38.0	-14.025652002113166	20
1.2	-36.0	-13.905981785984181	20
1.2	-34.0	-13.8585722453872	20
1.2	-32.0	-13.810627530000247	20
1.2	-30.0	-13.656593496992244	20
1.2	-28.0	-13.55072957348374	20
1.2	-26.0	-13.669427013376358	20
1.2	-24.0	-13.569010405830308	20
1.2	-22.0	-13.409607703473037	20
1.2	-20.0	-13.32406692313765	20
1.2	-18.0	-13.374958094319382	20
1.2	-16.0	-13.290117534253715	20
1.2	-14.0	-13.137917256063721	20
1.2	-12.0	-13.160618505120038	20
1.2	-10.0	-13.091151327460107	20
1.2	-8.0	-13.072959607617952	20
1.2	-6.0	-12.97007791595114	20
1.2	-4.0	-12.961081416232371	20
1.2	-2.0	-12.957096996635523	20
1.2	0.0	-13.058388272188349	20
1.2	2.0	-13.025452163463276	20
1.2	4.0	-13.119599163303144	20
1.2	6.0	-13.197602072839558	20
1.2	8.0	-13.450383715325838	20
1.2	10.0	-13.507132456528845	20
1.2	12.0	-13.72927304044714	20
1.2	14.0	-13.825592615161986	20
1.2	16.0	-14.122038078387709	20
1.2	18.0	-14.525199409987422	20
1.2	20.0	-14.932385408485633	20
1.2	22.0	-16.02585490904146	20
1.2	24.0		20
1.2	26.0		20
1.2	28.0		20
1.2	30.0		20
1.2	32.0		20
1.2	34.0		20
1.2	36.0		20
1.3	-50.0	-15.617089467232606	20
1.3	-48.0	-15.189257226955013	20
1.3	-46.0	-14.900623883250223	20
1.3	-44.0	-15.521363197436452	20
1.3	-42.0	-14.66958913735301	20
1.3	-40.0	-14.707024573688395	20
1.3	-38.0	-14.374692144126175	20
1.3	-36.0	-14.232244552717328	20
1.3	-34.0	-14.36323923571716	20
1.3	-32.0	-14.20451292518205	20
1.3	-30.0	-13.897553104921197	20
1.3	-28.0	-13.849180669418327	20
1.3	-26.0	-13.934678986983755	20
1.3	-24.0	-13.730634864829298	20
1.3	-22.0	-13.604812676204668	20
1.3	-20.0	-13.522264838665382	20
1.3	-18.0	-13.322524306538739	20
1.3	-16.0	-13.13304811392634	20
1.3	-14.0	-13.32198981875157	20
1.3	-12.0	-12.98543592955144	20
1.3	-10.0	-13.011984986347082	20
1.3	-8.0	-12.756892198361655	20
1.3	-6.0	-12.864204331622503	20
1.3	-4.0	-12.646196883744295	20
1.3	-2.0	-12.745407901865665	20
1.3	0.0	-12.569366585679303	20
1.3	2.0	-12.695774138205312	20
1.3	4.0	-12.565749984845251	20
1.3	6.0	-12.745366530299288	20
1.3	8.0	-12.804632528188751	20
1.3	10.0	-12.875373740964596	20
1.3	12.0	-13.032553144038143	20
1.3	14.0	-13.151648693544058	20
1.3	16.0	-13.451406851408114	20
1.3	18.0	-13.749491880720802	20
1.3	20.0	-14.398048838795745	20
1.3	22.0	-14.912754135411609	20
1.3	24.0		20
1.3	26.0		20
1.3	28.0		20
1.3	30.0		20
1.3	32.0		20
1.3	34.0		20
1.3	36.0		20
1.4	-50.0	-19.079287846188162	20
1.4	-48.0	-17.731126273452766	20
1.4	-46.0	-19.198419312051634	20
1.4	-44.0	-16.453913635603207	20
1.4	-42.0	-17.88477499382376	20
1.4	-40.0	-16.05830628731367	20
1.4	-38.0	-15.34833927333988	20
1.4	-36.0	-15.047820491159053	20
1.4	-34.0	-14.779038356584966	20
1.4	-32.0	-14.622994413459054	20
1.4	-30.0	-14.890932899974166	20
1.4	-28.0	-14.82985356002673	20
1.4	-26.0	-14.30611390334661	20
1.4	-24.0	-13.738136514886069	20
1.4	-22.0	-13.883918356997498	20
1.4	-20.0	-13.8412587580352	20
1.4	-18.0	-13.543989829506064	20
1.4	-16.0	-13.445990648554556	20
1.4	-14.0	-13.188511440674862	20
1.4	-12.0	-13.088434710365334	20
1.4	-10.0	-12.995252484276714	20
1.4	-8.0	-12.968668429875672	20
1.4	-6.0	-12.796823291371627	20
1.4	-4.0	-12.664249493395257	20
1.4	-2.0	-12.632184320539022	20
1.4	0.0	-12.519900476106637	20
1.4	2.0	-12.388930973704934	20
1.4	4.0	-12.44995114305283	20
1.4	6.0	-12.419964858435176	20
1.4	8.0	-12.323293882379566	20
1.4	10.0	-12.454881743902577	20
1.4	12.0	-12.559037743617019	20
1.4	14.0	-12.661912101672778	20
1.4	16.0	-12.87314308756975	20
1.4	18.0	-13.095559489257653	20
1.4	20.0	-13.52394360937748	20
1.4	22.0	-14.183245776054497	20
1.4	24.0	-15.203952782227233	20
1.4	26.0		20
1.4	28.0		20
1.4	30.0		20
1.4	32.0		20
1.4	34.0		20
1.4	36.0		20
1.5	-50.0	-26.552499973959232	20
1.5	-48.0	-24.77669700234652	20
1.5	-46.0	-24.223956511386	20
1.5	-44.0	-19.704506498392696	20
1.5	-42.0	-23.118585302918905	20
1.5	-40.0	-19.66940861979017	20
1.5	-38.0	-19.774769086635974	20
1.5	-36.0	-18.101348975805173	20
1.5	-34.0	-17.03089965690127	20
1.5	-32.0	-15.567828658146587	20
1.5	-30.0	-15.838430169755535	20
1.5	-28.0	-15.49141448476623	20
1.5	-26.0	-14.630851407223338	20
1.5	-24.0	-14.573345077763165	20
1.5	-22.0	-14.34503678200457	20
1.5	-20.0	-14.620368958712499	20
1.5	-18.0	-14.014292886223984	20
1.5	-16.0	-13.797306906993365	20
1.5	-14.0	-13.918276259337057	20
1.5	-12.0	-13.247501334859265	20
1.5	-10.0	-13.392078193506544	20
1.5	-8.0	-13.164209139610119	20
1.5	-6.0	-12.95165298976427	20
1.5	-4.0	-12.79597881203895	20
1.5	-2.0	-12.503407923118585	20
1.5	0.0	-12.544046325549584	20
1.5	2.0	-12.399158781661173	20
1.5	4.0	-12.29370250484353	20
1.5	6.0	-12.23702713903706	20
1.5	8.0	-12.083204778008694	20
1.5	10.0	-12.227072876328055	20
1.5	12.0	-12.225827457277386	20
1.5	14.0	-12.20793117920761	20
1.5	16.0	-12.551974897288613	20
1.5	18.0	-12.649556725854895	20
1.5	20.0	-13.036516175305305	20
1.5	22.0	-13.53664698405683	20
1.5	24.0	-14.509061163360252	20
1.5	26.0	-15.841779446512714	20
1.5	28.0		20
1.5	30.0		20
1.5	32.0		20
1.5	34.0		20
1.5	36.0		20
1.6	-50.0	-37.076115785856125	20
1.6	-48.0	-36.913766739674884	20
1.6	-46.0	-30.759394635350326	20
1.6	-44.0	-28.25868919908108	20
1.6	-42.0	-30.111956193325046	20
1.6	-40.0	-27.42007656522628	20
1.6	-38.0	-23.462087135538617	20
1.6	-36.0	-27.746489538321406	20
1.6	-34.0	-17.44611478889997	20
1.6	-32.0	-19.780201758954753	20
1.6	-30.0	-16.865976438336794	20
1.6	-28.0	-17.665686907471592	20
1.6	-26.0	-16.604122483008464	20
1.6	-24.0	-15.269284062295148	20
1.6	-22.0	-15.871213137531665	20
1.6	-20.0	-14.705481783780874	20
1.6	-18.0	-15.042586607476611	20
1.6	-16.0	-14.301296694357552	20
1.6	-14.0	-14.262420207551852	20
1.6	-12.0	-14.201997457125605	20
1.6	-10.0	-13.474238674154824	20
1.6	-8.0	-13.364242897404216	20
1.6	-6.0	-13.224232028612983	20
1.6	-4.0	-12.919103142110192	20
1.6	-2.0	-12.764567600125915	20
1.6	0.0	-12.587351654461184	20
1.6	2.0	-12.367762276342688	20
1.6	4.0	-12.277922875223062	20
1.6	6.0	-12.127253050593271	20
1.6	8.0	-12.110047645314824	20
1.6	10.0	-11.945438745611344	20
1.6	12.0	-11.920670960316421	20
1.6	14.0	-11.938743963756178	20
1.6	16.0	-12.100844919683551	20
1.6	18.0	-12.23194923720217	20
1.6	20.0	-12.610286067615196	20
1.6	22.0	-12.963627828417554	20
1.6	24.0	-13.764864687509208	20
1.6	26.0	-14.691843209132927	20
1.6	28.0		20
1.6	30.0		20
1.6	32.0		20
1.6	34.0		20
1.6	36.0		20
1.7	-50.0	-42.59332998006398	20
1.7	-48.0	-46.69657724673398	20
1.7	-46.0	-44.003185334837426	20
1.7	-44.0	-35.21561740444257	20
1.7	-42.0	-39.112437864429225	20
1.7	-40.0	-31.05416453320665	20
1.7	-38.0	-29.952063425945994	20
1.7	-36.0	-33.77545980570795	20
1.7	-34.0	-23.55604901652722	20
1.7	-32.0	-23.47746434010842	20
1.7	-30.0	-21.372625610301373	20
1.7	-28.0	-21.067518248528796	20
1.7	-26.0	-18.790224290094905	20
1.7	-24.0	-18.47195136983911	20
1.7	-22.0	-16.942559374057616	20
1.7	-20.0	-16.068707316796598	20
1.7	-18.0	-15.50187688447276	20
1.7	-16.0	-15.181269410513135	20
1.7	-14.0	-14.611391628869788	20
1.7	-12.0	-14.58879863650347	20
1.7	-10.0	-14.107860408695416	20
1.7	-8.0	-14.020991485165144	20
1.7	-6.0	-13.309291342533191	20
1.7	-4.0	-13.200665526469146	20
1.7	-2.0	-12.857403740445733	20
1.7	0.0	-12.855055465428654	20
1.7	2.0	-12.560340885498118	20
1.7	4.0	-12.382941758113603	20
1.7	6.0	-12.105580461316041	20
1.7	8.0	-12.048677334952131	20
1.7	10.0	-11.920444250176137	20
1.7	12.0	-11.806114557188938	20
1.7	14.0	-11.82791731138004	20
1.7	16.0	-11.812018094504612	20
1.7	18.0	-12.070240610649174	20
1.7	20.0	-12.371980760428784	20
1.7	22.0	-12.659495625868223	20
1.7	24.0	-13.295527612453487	20
1.7	26.0	-14.655401618972274	20
1.7	28.0	-16.327622585729486	20
1.7	30.0		20
1.7	32.0		20
1.7	34.0		20
1.7	36.0		20
1.8	-50.0	-60.27603663773941	20
1.8	-48.0	-59.38365570440307	20
1.8	-46.0	-48.712760421694256	20
1.8	-44.0	-51.06086365610505	20
1.8	-42.0	-48.57527277775806	20
1.8	-40.0	-40.64971508466773	20
1.8	-38.0	-39.464306746426544	20
1.8	-36.0	-37.90113821951561	20
1.8	-34.0	-31.91391777341827	20
1.8	-32.0	-30.858808553847677	20
1.8	-30.0	-28.67210847835957	20
1.8	-28.0	-25.91569776079975	20
1.8	-26.0	-24.13375633612935	20
1.8	-24.0	-20.827091326911958	20
1.8	-22.0	-19.01258337190714	20
1.8	-20.0	-18.19792176396577	20
1.8	-18.0	-17.586944503064963	20
1.8	-16.0	-17.138484720940294	20
1.8	-14.0	-15.278952336807606	20
1.8	-12.0	-15.3563933481725	20
1.8	-10.0	-14.440748118408465	20
1.8	-8.0	-14.156107874774552	20
1.8	-6.0	-14.085161610075257	20
1.8	-4.0	-13.385306927233767	20
1.8	-2.0	-13.316135392825936	20
1.8	0.0	-13.10859627212983	20
1.8	2.0	-12.708744318290186	20
1.8	4.0	-12.484066445134282	20
1.8	6.0	-12.18757168155851	20
1.8	8.0	-12.12216892514942	20
1.8	10.0	-11.913907518758254	20
1.8	12.0	-11.75096898670815	20
1.8	14.0	-11.756576462503899	20
1.8	16.0	-11.661307595169614	20
1.8	18.0	-11.766953158021261	20
1.8	20.0	-11.924508379461104	20
1.8	22.0	-12.255525914827105	20
1.8	24.0	-12.796872606163186	20
1.8	26.0	-13.912717014840402	20
1.8	28.0		20
1.8	30.0		20
1.8	32.0		20
1.8	34.0		20
1.8	36.0		20
1.9	-50.0	-70.59388063503336	20
1.9	-48.0	-62.71676779145288	20
1.9	-46.0	-59.265876536818425	20
1.9	-44.0	-54.28569611183538	20
1.9	-42.0	-55.10365453284042	20
1.9	-40.0	-44.91485716903068	20
1.9	-38.0	-47.49019849664598	20
1.9	-36.0	-44.689477769102055	20
1.9	-34.0	-42.31577084869899	20
1.9	-32.0	-32.70498262667054	20
1.9	-30.0	-33.18238119954576	20
1.9	-28.0	-29.681634756993827	20
1.9	-26.0	-30.959842954379873	20
1.9	-24.0	-25.98882639076769	20
1.9	-22.0	-19.73550165858575	20
1.9	-20.0	-19.76242448780356	20
1.9	-18.0	-21.313104916909573	20
1.9	-16.0	-17.888286910086066	20
1.9	-14.0	-17.706555123440673	20
1.9	-12.0	-16.074475152191738	20
1.9	-10.0	-15.373903761942241	20
1.9	-8.0	-15.963491266541189	20
1.9	-6.0	-14.274249017513966	20
1.9	-4.0	-13.810276887505776	20
1.9	-2.0	-13.508103959337863	20
1.9	0.0	-13.602946209739802	20
1.9	2.0	-13.062762905550633	20
1.9	4.0	-12.870146068808896	20
1.9	6.0	-12.469751183008961	20
1.9	8.0	-12.177087560324937	20
1.9	10.0	-11.940307618194407	20
1.9	12.0	-11.707289723663695	20
1.9	14.0	-11.694437564283774	20
1.9	16.0	-11.576075670438886	20
1.9	18.0	-11.607030487761687	20
1.9	20.0	-11.749254604600633	20
1.9	22.0	-11.986933216087234	20
1.9	24.0	-12.501305659695337	20
1.9	26.0	-13.515487102759716	20
1.9	28.0	-15.56768820325976	20
1.9	30.0		20
1.9	32.0		20
1.9	34.0		20
1.9	36.0		20
2.0	-50.0	-71.80230863665474	20
2.0	-48.0	-68.70912137339698	20
2.0	-46.0	-67.92710890403825	20
2.0	-44.0	-60.53102752565235	20
2.0	-42.0	-60.30826699341539	20
2.0	-40.0	-55.61374183161739	20
2.0	-38.0	-49.78039228990991	20
2.0	-36.0	-48.44492055701613	20
2.0	-34.0	-47.02772709455324	20
2.0	-32.0	-43.63391453108192	20
2.0	-30.0	-40.18616641474125	20
2.0	-28.0	-33.051268313431876	20
2.0	-26.0	-35.75402810939078	20
2.0	-24.0	-32.18309228200741	20
2.0	-22.0	-28.968159363813964	20
2.0	-20.0	-24.42795470438518	20
2.0	-18.0	-23.048523207998407	20
2.0	-16.0	-22.768401988662752	20
2.0	-14.0	-22.589973735625772	20
2.0	-12.0	-17.94059277870354	20
2.0	-10.0	-18.180614249771878	20
2.0	-8.0	-16.134476053039744	20
2.0	-6.0	-16.305006782637356	20
2.0	-4.0	-14.696314345439529	20
2.0	-2.0	-14.45593950190771	20
2.0	0.0	-13.764536047970017	20
2.0	2.0	-13.554411326914494	20
2.0	4.0	-12.991273721777446	20
2.0	6.0	-12.670100785592101	20
2.0	8.0	-12.447654489722307	20
2.0	10.0	-12.09658328321078	20
2.0	12.0	-11.934821829423734	20
2.0	14.0	-11.67270203516701	20
2.0	16.0	-11.519353644955459	20
2.0	18.0	-11.483419595437097	20
2.0	20.0	-11.573492837321528	20
2.0	22.0	-11.900428437493542	20
2.0	24.0	-12.294517559523108	20
2.0	26.0	-13.119530277683177	20
2.0	28.0	-14.42695589948533	20
2.0	30.0		20
2.0	32.0		20
2.0	34.0		20
2.0	36.0		20
2.1	-50.0	-71.8305537415944	20
2.1	-48.0	-70.64922681499924	20
2.1	-46.0	-67.34212304000548	20
2.1	-44.0	-68.05698884115228	20
2.1	-42.0	-63.651580377284894	20
2.1	-40.0	-60.98917556096732	20
2.1	-38.0	-55.58061588352825	20
2.1	-36.0	-58.66130821577275	20
2.1	-34.0	-47.94035753881185	20
2.1	-32.0	-48.459347704806085	20
2.1	-30.0	-44.84727455463806	20
2.1	-28.0	-36.71380495247421	20
2.1	-26.0	-40.77270220322667	20
2.1	-24.0	-33.21903557361888	20
2.1	-22.0	-34.15479532416942	20
2.1	-20.0	-32.747309030652865	20
2.1	-18.0	-28.96036154516675	20
2.1	-16.0	-25.732603720055398	20
2.1	-14.0	-22.239796592431393	20
2.1	-12.0	-20.76085746290797	20
2.1	-10.0	-18.55307317396618	20
2.1	-8.0	-17.568267804726606	20
2.1	-6.0	-16.264451379515503	20
2.1	-4.0	-16.126049809770798	20
2.1	-2.0	-14.53515822891732	20
2.1	0.0	-13.927652351045168	20
2.1	2.0	-13.521493512120415	20
2.1	4.0	-13.258762415758545	20
2.1	6.0	-12.915652923301446	20
2.1	8.0	-12.671430394835985	20
2.1	10.0	-12.272466682847856	20
2.1	12.0	-12.088557090365827	20
2.1	14.0	-11.699181552927511	20
2.1	16.0	-11.564318482199544	20
2.1	18.0	-11.484388170605033	20
2.1	20.0	-11.51137494991217	20
2.1	22.0	-11.643279387276912	20
2.1	24.0	-12.058749583814878	20
2.1	26.0	-12.732377008190964	20
2.1	28.0	-14.470225055392849	20
2.1	30.0		20
2.1	32.0		20
2.1	34.0		20
2.1	36.0		20
2.2	-50.0	-68.5607521524831	20
2.2	-48.0	-70.00679746330177	20
2.2	-46.0	-70.4038496145322	20
2.2	-44.0	-69.01601320977583	20
2.2	-42.0	-64.72727013657365	20
2.2	-40.0	-63.22086140504806	20
2.2	-38.0	-56.738103312743874	20
2.2	-36.0	-59.49406407689867	20
2.2	-34.0	-54.025917386597754	20
2.2	-32.0	-56.51020653744193	20
2.2	-30.0	-50.68484491670521	20
2.2	-28.0	-45.81222173485109	20
2.2	-26.0	-40.284738701189205	20
2.2	-24.0	-44.17414385025412	20
2.2	-22.0	-40.69270415589252	20
2.2	-20.0	-33.409323944230216	20
2.2	-18.0	-29.039253534044548	20
2.2	-16.0	-30.0183250569393	20
2.2	-14.0	-25.870223150793283	20
2.2	-12.0	-23.38405617060269	20
2.2	-10.0	-20.017832004359626	20
2.2	-8.0	-16.721684723948524	20
2.2	-6.0	-16.64912636878585	20
2.2	-4.0	-15.734085621986386	20
2.2	-2.0	-15.976779070224865	20
2.2	0.0	-14.680083277135875	20
2.2	2.0	-14.292178918145172	20
2.2	4.0	-13.601216819241278	20
2.2	6.0	-13.326957328095745	20
2.2	8.0	-12.80113293272486	20
2.2	10.0	-12.587977900990262	20
2.2	12.0	-12.13039402503873	20
2.2	14.0	-11.78776229643149	20
2.2	16.0	-11.58475479324779	20
2.2	18.0	-11.454611815484068	20
2.2	20.0	-11.390260778861855	20
2.2	22.0	-11.528540530634427	20
2.2	24.0	-11.805960829490763	20
2.2	26.0	-12.558142283871941	20
2.2	28.0	-13.827938772330066	20
2.2	30.0		20
2.2	32.0		20
2.2	34.0		20
2.2	36.0		20
2.3	-50.0	-64.11877558368363	20
2.3	-48.0	-66.14317510848348	20
2.3	-46.0	-67.6547942935449	20
2.3	-44.0	-64.3009909993904	20
2.3	-42.0	-65.6240110104657	20
2.3	-40.0	-66.21265946156397	20
2.3	-38.0	-59.42504797081515	20
2.3	-36.0	-61.2895968469678	20
2.3	-34.0	-54.40292503149567	20
2.3	-32.0	-55.98150648031109	20
2.3	-30.0	-51.46414461518442	20
2.3	-28.0	-51.67348210563948	20
2.3	-26.0	-46.417320813509775	20
2.3	-24.0	-40.60286685059183	20
2.3	-22.0	-40.947882035034965	20
2.3	-20.0	-41.02632987431734	20
2.3	-18.0	-36.389560806336696	20
2.3	-16.0	-32.146318067819465	20
2.3	-14.0	-30.078424869680525	20
2.3	-12.0	-25.340270406203487	20
2.3	-10.0	-23.533833762661764	20
2.3	-8.0	-20.1236850940302	20
2.3	-6.0	-16.872023146437144	20
2.3	-4.0	-19.0804703438311	20
2.3	-2.0	-16.513798169246733	20
2.3	0.0	-15.911960846567926	20
2.3	2.0	-14.207051947669365	20
2.3	4.0	-14.03271109791493	20
2.3	6.0	-13.584043427442248	20
2.3	8.0	-13.016111122834314	20
2.3	10.0	-12.786690670184013	20
2.3	12.0	-12.393224354679175	20
2.3	14.0	-12.063069219981086	20
2.3	16.0	-11.686616265795895	20
2.3	18.0	-11.412448992880904	20
2.3	20.0	-11.408842426726242	20
2.3	22.0	-11.442115431518651	20
2.3	24.0	-11.66579351515578	20
2.3	26.0	-12.383131103203244	20
2.3	28.0	-13.434876962121013	20
2.3	30.0		20
2.3	32.0		20
2.3	34.0		20
2.3	36.0		20
2.4	-50.0		20
2.4	-48.0		20
2.4	-46.0	-62.44453637162078	20
2.4	-44.0	-61.70953208991297	20
2.4	-42.0	-60.4766255178424	20
2.4	-40.0	-61.9832404578151	20
2.4	-38.0	-61.16588615245299	20
2.4	-36.0	-61.437176493150744	20
2.4	-34.0	-57.249796228779395	20
2.4	-32.0	-55.61172504243261	20
2.4	-30.0	-57.4501466362028	20
2.4	-28.0	-54.71232191578197	20
2.4	-26.0	-51.36659235647488	20
2.4	-24.0	-48.384295687462846	20
2.4	-22.0	-43.54363419345984	20
2.4	-20.0	-43.59369393570638	20
2.4	-18.0	-35.984371938881104	20
2.4	-16.0	-34.09863895768889	20
2.4	-14.0	-26.820206081844777	20
2.4	-12.0	-29.52807246735898	20
2.4	-10.0	-23.178050563232457	20
2.4	-8.0	-22.990899695150304	20
2.4	-6.0	-21.68495195378209	20
2.4	-4.0	-18.23951278121593	20
2.4	-2.0	-17.91584786374742	20
2.4	0.0	-16.366385020064293	20
2.4	2.0	-14.788335394475103	20
2.4	4.0	-14.327984769872064	20
2.4	6.0	-13.871269007843953	20
2.4	8.0	-13.454854756967967	20
2.4	10.0	-13.004532341314095	20
2.4	12.0	-12.481072157726718	20
2.4	14.0	-12.151046779113972	20
2.4	16.0	-11.781406941894105	20
2.4	18.0	-11.504339919474202	20
2.4	20.0	-11.410790619338785	20
2.4	22.0	-11.37871483652887	20
2.4	24.0	-11.624132249678649	20
2.4	26.0	-12.131330110934622	20
2.4	28.0	-13.33129152158396	20
2.4	30.0		20
2.4	32.0		20
2.4	34.0		20
2.4	36.0		20
2.5	-50.0		20
2.5	-48.0		20
2.5	-46.0		20
2.5	-44.0		20
2.5	-42.0	-58.832239078141086	20
2.5	-40.0	-59.54341726477819	20
2.5	-38.0	-61.63915920648925	20
2.5	-36.0	-61.61273328030641	20
2.5	-34.0	-58.64261399665055	20
2.5	-32.0	-58.80353127776622	20
2.5	-30.0	-55.55699533735394	20
2.5	-28.0	-53.2143483654854	20
2.5	-26.0	-52.659673923955005	20
2.5	-24.0	-46.70650336564067	20
2.5	-22.0	-43.570758086089704	20
2.5	-20.0	-43.73708300281423	20
2.5	-18.0	-42.238204273856404	20
2.5	-16.0	-37.58291340629934	20
2.5	-14.0	-33.80193549396032	20
2.5	-12.0	-33.227492194927684	20
2.5	-10.0	-30.042779771038624	20
2.5	-8.0	-25.096941797246593	20
2.5	-6.0	-20.94047757319003	20
2.5	-4.0	-20.416920240120213	20
2.5	-2.0	-18.967060939432905	20
2.5	0.0	-17.634751941567785	20
2.5	2.0	-15.305863097163286	20
2.5	4.0	-14.832159968263785	20
2.5	6.0	-14.400084401036832	20
2.5	8.0	-14.083993283566818	20
2.5	10.0	-13.336968978545206	20
2.5	12.0	-12.727833080240435	20
2.5	14.0	-12.302030544448632	20
2.5	16.0	-11.992838410455812	20
2.5	18.0	-11.616535850588932	20
2.5	20.0	-11.402342034568237	20
2.5	22.0	-11.369154088022194	20
2.5	24.0	-11.475237360310286	20
2.5	26.0	-11.942828386000574	20
2.5	28.0	-13.203828738379652	20
2.5	30.0		20
2.5	32.0		20
2.5	34.0		20
2.5	36.0		20
2.6	-50.0		20
2.6	-48.0		20
2.6	-46.0		20
2.6	-44.0		20
2.6	-42.0		20
2.6	-40.0		20
2.6	-38.0	-57.589542351429635	20
2.6	-36.0	-56.9809897127465	20
2.6	-34.0	-57.47352940760341	20
2.6	-32.0	-57.45083496112708	20
2.6	-30.0	-57.024460680833215	20
2.6	-28.0	-55.965998961350444	20
2.6	-26.0	-50.11227431120988	20
2.6	-24.0	-51.73766251122339	20
2.6	-22.0	-48.738703718599254	20
2.6	-20.0	-45.34099619924932	20
2.6	-18.0	-42.902287400119775	20
2.6	-16.0	-39.98842644387628	20
2.6	-14.0	-36.384537167404	20
2.6	-12.0	-35.95337041490125	20
2.6	-10.0	-32.91981361588866	20
2.6	-8.0	-27.33115334421131	20
2.6	-6.0	-24.133119713683044	20
2.6	-4.0	-22.605090296025836	20
2.6	-2.0	-20.244568192491197	20
2.6	0.0	-18.73336776931663	20
2.6	2.0	-16.05962939833709	20
2.6	4.0	-15.624212072453625	20
2.6	6.0	-14.750537094909529	20
2.6	8.0	-13.827711152155391	20
2.6	10.0	-13.363014001459593	20
2.6	12.0	-12.798746678793362	20
2.6	14.0	-12.675213907449837	20
2.6	16.0	-12.09897798656478	20
2.6	18.0	-11.774502726614973	20
2.6	20.0	-11.45347671582931	20
2.6	22.0	-11.397122375322962	20
2.6	24.0	-11.428718300387107	20
2.6	26.0	-11.834136927766153	20
2.6	28.0	-12.798852478409092	20
2.6	30.0		20
2.6	32.0		20
2.6	34.0		20
2.6	36.0		20
2.7	-50.0		20
2.7	-48.0		20
2.7	-46.0		20
2.7	-44.0		20
2.7	-42.0		20
2.7	-40.0		20
2.7	-38.0	-54.80874964993414	20
2.7	-36.0	-54.29802844277377	20
2.7	-34.0	-54.598921420637645	20
2.7	-32.0	-54.169956070851626	20
2.7	-30.0	-53.95183188106294	20
2.7	-28.0	-53.68436714649856	20
2.7	-26.0	-53.876389029676474	20
2.7	-24.0	-50.20132977166169	20
2.7	-22.0	-47.20821024492672	20
2.7	-20.0	-48.270182649577244	20
2.7	-18.0	-43.23068507850576	20
2.7	-16.0	-44.39481276466808	20
2.7	-14.0	-39.720488884426764	20
2.7	-12.0	-33.976946603871845	20
2.7	-10.0	-33.85124476481858	20
2.7	-8.0	-28.888310521486158	20
2.7	-6.0	-25.633296865667546	20
2.7	-4.0	-24.64332272494555	20
2.7	-2.0	-20.672898079068506	20
2.7	0.0	-19.327061035773013	20
2.7	2.0	-17.607075216050667	20
2.7	4.0	-17.28993277884709	20
2.7	6.0	-15.132627861568462	20
2.7	8.0	-14.644743471391376	20
2.7	10.0	-13.908790406244165	20
2.7	12.0	-13.205461382590304	20
2.7	14.0	-12.78932975225226	20
2.7	16.0	-12.241231981463184	20
2.7	18.0	-11.912900940317972	20
2.7	20.0	-11.522846137951374	20
2.7	22.0	-11.3715519666692	20
2.7	24.0	-11.341983967996516	20
2.7	26.0	-11.731622850534979	20
2.7	28.0	-12.661520685899633	20
2.7	30.0		20
2.7	32.0		20
2.7	34.0		20
2.7	36.0		20
2.8	-50.0		20
2.8	-48.0		20
2.8	-46.0		20
2.8	-44.0		20
2.8	-42.0		20
2.8	-40.0		20
2.8	-38.0		20
2.8	-36.0		20
2.8	-34.0	-53.15244451499008	20
2.8	-32.0	-53.38206989748471	20
2.8	-30.0	-52.92469448911919	20
2.8	-28.0	-54.205276569852614	20
2.8	-26.0	-52.30727482039653	20
2.8	-24.0	-51.556423222997466	20
2.8	-22.0	-49.142701494312014	20
2.8	-20.0	-49.48664096523848	20
2.8	-18.0	-47.68130791622815	20
2.8	-16.0	-42.10635344991878	20
2.8	-14.0	-41.47553762442711	20
2.8	-12.0	-39.94358696268754	20
2.8	-10.0	-38.496221379943165	20
2.8	-8.0	-34.2910237254574	20
2.8	-6.0	-30.91067648252922	20
2.8	-4.0	-27.140121125687806	20
2.8	-2.0	-21.644752728611287	20
2.8	0.0	-21.049359944849996	20
2.8	2.0	-18.536269372587164	20
2.8	4.0	-16.759228049773025	20
2.8	6.0	-15.701677753945935	20
2.8	8.0	-14.359713622705573	20
2.8	10.0	-14.473102670994185	20
2.8	12.0	-13.401077201812834	20
2.8	14.0	-13.007614994442168	20
2.8	16.0	-12.589743124374257	20
2.8	18.0	-12.023713183918831	20
2.8	20.0	-11.597341402237381	20
2.8	22.0	-11.385546842143587	20
2.8	24.0	-11.3265373154427	20
2.8	26.0	-11.678055886602351	20
2.8	28.0	-12.491307210248241	20
2.8	30.0	-14.859176472127738	20
2.8	32.0		20
2.8	34.0		20
2.8	36.0		20
2.9	-50.0		20
2.9	-48.0		20
2.9	-46.0		20
2.9	-44.0		20
2.9	-42.0		20
2.9	-40.0		20
2.9	-38.0		20
2.9	-36.0		20
2.9	-34.0		20
2.9	-32.0	-51.0816079925806	20
2.9	-30.0	-49.69350316054386	20
2.9	-28.0	-51.75975771981642	20
2.9	-26.0	-51.00235869005172	20
2.9	-24.0	-49.88233237358859	20
2.9	-22.0	-48.62050795515225	20
2.9	-20.0	-48.42705177971088	20
2.9	-18.0	-45.993710634317964	20
2.9	-16.0	-44.73214033170965	20
2.9	-14.0	-41.763793098031655	20
2.9	-12.0	-42.95415946449786	20
2.9	-10.0	-38.03206681220125	20
2.9	-8.0	-30.596414143555943	20
2.9	-6.0	-31.736717694886323	20
2.9	-4.0	-27.549332536872896	20
2.9	-2.0	-24.03570754162903	20
2.9	0.0	-22.076503490923667	20
2.9	2.0	-19.74550466108813	20
2.9	4.0	-17.30627876856386	20
2.9	6.0	-15.804919814044244	20
2.9	8.0	-15.01428251253862	20
2.9	10.0	-14.794569805598272	20
2.9	12.0	-13.975655220262656	20
2.9	14.0	-13.38083628268438	20
2.9	16.0	-12.677884511223471	20
2.9	18.0	-12.175990753207513	20
2.9	20.0	-11.733444483018562	20
2.9	22.0	-11.442607994519083	20
2.9	24.0	-11.347996359761936	20
2.9	26.0	-11.482787022263285	20
2.9	28.0	-12.342478741691814	20
2.9	30.0	-14.506856512205706	20
2.9	32.0		20
2.9	34.0		20
2.9	36.0		20
3.0	-50.0		20
3.0	-48.0		20
3.0	-46.0		20
3.0	-44.0		20
3.0	-42.0		20
3.0	-40.0		20
3.0	-38.0		20
3.0	-36.0		20
3.0	-34.0		20
3.0	-32.0		20
3.0	-30.0	-48.73968388288522	20
3.0	-28.0	-48.70634880455835	20
3.0	-26.0	-49.73914366081637	20
3.0	-24.0	-48.792532732173306	20
3.0	-22.0	-49.273502280561175	20
3.0	-20.0	-45.72950534692354	20
3.0	-18.0	-47.02066445514619	20
3.0	-16.0	-43.89107072237104	20
3.0	-14.0	-43.17660252508931	20
3.0	-12.0	-39.77300537714104	20
3.0	-10.0	-37.63724291687817	20
3.0	-8.0	-34.63034271670178	20
3.0	-6.0	-35.42593562581449	20
3.0	-4.0	-29.554234809343377	20
3.0	-2.0	-25.971560066507333	20
3.0	0.0	-25.873798043203628	20
3.0	2.0	-20.025263245651598	20
3.0	4.0	-18.327324855433748	20
3.0	6.0	-16.85357899619988	20
3.0	8.0	-15.960607401873142	20
3.0	10.0	-14.935729856121947	20
3.0	12.0	-14.309845718129031	20
3.0	14.0	-13.420765183950271	20
3.0	16.0	-12.806898665208612	20
3.0	18.0	-12.336541824805625	20
3.0	20.0	-11.907261365432365	20
3.0	22.0	-11.525811754687268	20
3.0	24.0	-11.381047529354607	20
3.0	26.0	-11.564887255143457	20
3.0	28.0	-12.244102864090053	20
3.0	30.0	-14.53266955316683	20
3.0	32.0		20
3.0	34.0		20
3.0	36.0		20
3.1	-50.0		20
3.1	-48.0		20
3.1	-46.0		20
3.1	-44.0		20
3.1	-42.0		20
3.1	-40.0		20
3.1	-38.0		20
3.1	-36.0		20
3.1	-34.0		20
3.1	-32.0		20
3.1	-30.0		20
3.1	-28.0		20
3.1	-26.0	-47.50573381587775	20
3.1	-24.0	-48.10400806771419	20
3.1	-22.0	-47.338158459876816	20
3.1	-20.0	-47.52328241988937	20
3.1	-18.0	-46.164241118303224	20
3.1	-16.0	-44.94358898079806	20
3.1	-14.0	-40.28403523199148	20
3.1	-12.0	-37.5008736572247	20
3.1	-10.0	-38.19055830939523	20
3.1	-8.0	-39.047127986632766	20
3.1	-6.0	-33.80229651593485	20
3.1	-4.0	-30.94827500572193	20
3.1	-2.0	-25.749755890865522	20
3.1	0.0	-26.641668400602224	20
3.1	2.0	-20.943953392608087	20
3.1	4.0	-20.40357794467417	20
3.1	6.0	-16.6836998754242	20
3.1	8.0	-16.544698228224817	20
3.1	10.0	-14.734177850261242	20
3.1	12.0	-14.237981796696298	20
3.1	14.0	-13.759186623627844	20
3.1	16.0	-12.976187418102374	20
3.1	18.0	-12.5163040629151	20
3.1	20.0	-12.022084022948613	20
3.1	22.0	-11.643489971971775	20
3.1	24.0	-11.356098773007377	20
3.1	26.0	-11.467799592392122	20
3.1	28.0	-12.142328164524828	20
3.1	30.0	-14.28976662660339	20
3.1	32.0		20
3.1	34.0		20
3.1	36.0		20
3.2	-50.0		20
3.2	-48.0		20
3.2	-46.0		20
3.2	-44.0		20
3.2	-42.0		20
3.2	-40.0		20
3.2	-38.0		20
3.2	-36.0		20
3.2	-34.0		20
3.2	-32.0		20
3.2	-30.0		20
3.2	-28.0		20
3.2	-26.0	-46.70411822900098	20
3.2	-24.0	-46.174040354549646	20
3.2	-22.0	-46.73286364800976	20
3.2	-20.0	-45.611183090017924	20
3.2	-18.0	-45.893490164860985	20
3.2	-16.0	-45.05362993658285	20
3.2	-14.0	-43.889597339083664	20
3.2	-12.0	-40.96675436979644	20
3.2	-10.0	-37.65112224284068	20
3.2	-8.0	-35.1465971041797	20
3.2	-6.0	-35.80285263199427	20
3.2	-4.0	-32.35441534590633	20
3.2	-2.0	-31.14238220643066	20
3.2	0.0	-29.346541229461348	20
3.2	2.0	-22.856403181651114	20
3.2	4.0	-21.139861960171743	20
3.2	6.0	-17.451093055367757	20
3.2	8.0	-17.01351008161584	20
3.2	10.0	-15.41716669830837	20
3.2	12.0	-14.63196284973522	20
3.2	14.0	-13.915850061242628	20
3.2	16.0	-13.30627924707763	20
3.2	18.0	-12.669596682223249	20
3.2	20.0	-12.151133422094382	20
3.2	22.0	-11.736808564835695	20
3.2	24.0	-11.443647395721605	20
3.2	26.0	-11.418163526245745	20
3.2	28.0	-12.156492874953589	20
3.2	30.0	-14.339849152551611	20
3.2	32.0		20
3.2	34.0		20
3.2	36.0		20
3.3	-50.0		20
3.3	-48.0		20
3.3	-46.0		20
3.3	-44.0		20
3.3	-42.0		20
3.3	-40.0		20
3.3	-38.0		20
3.3	-36.0		20
3.3	-34.0		20
3.3	-32.0		20
3.3	-30.0		20
3.3	-28.0		20
3.3	-26.0		20
3.3	-24.0	-45.231205330558794	20
3.3	-22.0	-44.64006112381888	20
3.3	-20.0	-44.332403240172894	20
3.3	-18.0	-43.81142349395333	20
3.3	-16.0	-43.41525987336356	20
3.3	-14.0	-43.80838862528024	20
3.3	-12.0	-40.12306222664718	20
3.3	-10.0	-39.8160132956658	20
3.3	-8.0	-38.95140348810248	20
3.3	-6.0	-37.881490072098245	20
3.3	-4.0	-35.022124392869046	20
3.3	-2.0	-31.65341802521411	20
3.3	0.0	-28.01397287095353	20
3.3	2.0	-26.94363059544559	20
3.3	4.0	-21.939390774914603	20
3.3	6.0	-20.993045702274458	20
3.3	8.0	-18.43377125012045	20
3.3	10.0	-16.479112249753445	20
3.3	12.0	-14.757738331020636	20
3.3	14.0	-14.161278170716841	20
3.3	16.0	-13.497677321318136	20
3.3	18.0	-12.946246260326083	20
3.3	20.0	-12.229016312924402	20
3.3	22.0	-11.797291883789256	20
3.3	24.0	-11.47584964614364	20
3.3	26.0	-11.47826043497889	20
3.3	28.0	-11.926206619336725	20
3.3	30.0	-13.873465504007587	20
3.3	32.0		20
3.3	34.0		20
3.3	36.0		20
3.4	-50.0		20
3.4	-48.0		20
3.4	-46.0		20
3.4	-44.0		20
3.4	-42.0		20
3.4	-40.0		20
3.4	-38.0		20
3.4	-36.0		20
3.4	-34.0		20
3.4	-32.0		20
3.4	-30.0		20
3.4	-28.0		20
3.4	-26.0		20
3.4	-24.0	-44.569830247215506	20
3.4	-22.0	-44.5079703072606	20
3.4	-20.0	-43.92985228713043	20
3.4	-18.0	-43.558280531991386	20
3.4	-16.0	-42.97346050259046	20
3.4	-14.0	-42.10916325809751	20
3.4	-12.0	-42.17544864383243	20
3.4	-10.0	-41.4650869126711	20
3.4	-8.0	-40.1858906531272	20
3.4	-6.0	-36.654861025857386	20
3.4	-4.0	-33.53572793622247	20
3.4	-2.0	-30.127206825492713	20
3.4	0.0	-29.17458588909009	20
3.4	2.0	-27.471031037389857	20
3.4	4.0	-22.711013234243854	20
3.4	6.0	-20.768298614124426	20
3.4	8.0	-18.976014010572293	20
3.4	10.0	-16.392873580074596	20
3.4	12.0	-15.615167851823992	20
3.4	14.0	-14.793015240889144	20
3.4	16.0	-13.942067953708564	20
3.4	18.0	-12.901048049828294	20
3.4	20.0	-12.412274126221657	20
3.4	22.0	-11.964169022525045	20
3.4	24.0	-11.56201239789981	20
3.4	26.0	-11.506969566470831	20
3.4	28.0	-11.894497264298348	20
3.4	30.0	-13.536413269550991	20
3.4	32.0		20
3.4	34.0		20
3.4	36.0		20
3.5	-50.0		20
3.5	-48.0		20
3.5	-46.0		20
3.5	-44.0		20
3.5	-42.0		20
3.5	-40.0		20
3.5	-38.0		20
3.5	-36.0		20
3.5	-34.0		20
3.5	-32.0		20
3.5	-30.0		20
3.5	-28.0		20
3.5	-26.0		20
3.5	-24.0		20
3.5	-22.0	-44.047075008814296	20
3.5	-20.0	-43.107017895466996	20
3.5	-18.0	-43.214554751253516	20
3.5	-16.0	-42.4043949640288	20
3.5	-14.0	-40.44304610278578	20
3.5	-12.0	-40.835259844957314	20
3.5	-10.0	-40.58263576465345	20
3.5	-8.0	-38.29327089918858	20
3.5	-6.0	-37.1383255604516	20
3.5	-4.0	-35.04786126939657	20
3.5	-2.0	-31.764876005088286	20
3.5	0.0	-29.585406767867006	20
3.5	2.0	-26.172776571922032	20
3.5	4.0	-24.696975592922026	20
3.5	6.0	-20.945621658017817	20
3.5	8.0	-18.93735264046435	20
3.5	10.0	-16.973251915824385	20
3.5	12.0	-15.28169926567497	20
3.5	14.0	-15.05772665933878	20
3.5	16.0	-14.195912795842094	20
3.5	18.0	-13.275274614594263	20
3.5	20.0	-12.499182069892075	20
3.5	22.0	-12.130656953588328	20
3.5	24.0	-11.611112168538408	20
3.5	26.0	-11.443681818409889	20
3.5	28.0	-11.878402296863992	20
3.5	30.0	-13.532816349457827	20
3.5	32.0		20
3.5	34.0		20
3.5	36.0		20
3.6	-50.0		20
3.6	-48.0		20
3.6	-46.0		20
3.6	-44.0		20
3.6	-42.0		20
3.6	-40.0		20
3.6	-38.0		20
3.6	-36.0		20
3.6	-34.0		20
3.6	-32.0		20
3.6	-30.0		20
3.6	-28.0		20
3.6	-26.0		20
3.6	-24.0		20
3.6	-22.0		20
3.6	-20.0	-41.876611919564525	20
3.6	-18.0	-42.03497424361733	20
3.6	-16.0	-42.20413340540611	20
3.6	-14.0	-41.71721083231348	20
3.6	-12.0	-41.35248120896681	20
3.6	-10.0	-39.96140318173073	20
3.6	-8.0	-39.09029352588246	20
3.6	-6.0	-34.8897711694817	20
3.6	-4.0	-34.004690536929026	20
3.6	-2.0	-34.278723324781694	20
3.6	0.0	-27.37063075339425	20
3.6	2.0	-26.13106898161696	20
3.6	4.0	-23.732516751276073	20
3.6	6.0	-20.987710722688902	20
3.6	8.0	-19.405489940724436	20
3.6	10.0	-17.085070181743582	20
3.6	12.0	-15.979680440239548	20
3.6	14.0	-15.099759698145439	20
3.6	16.0	-14.49864286819045	20
3.6	18.0	-13.41596366034502	20
3.6	20.0	-12.872261502235537	20
3.6	22.0	-12.23178871596799	20
3.6	24.0	-11.657050424457802	20
3.6	26.0	-11.515717146182364	20
3.6	28.0	-11.839991810197105	20
3.6	30.0	-13.376603580391503	20
3.6	32.0		20
3.6	34.0		20
3.6	36.0		20
3.7	-50.0		20
3.7	-48.0		20
3.7	-46.0		20
3.7	-44.0		20
3.7	-42.0		20
3.7	-40.0		20
3.7	-38.0		20
3.7	-36.0		20
3.7	-34.0		20
3.7	-32.0		20
3.7	-30.0		20
3.7	-28.0		20
3.7	-26.0		20
3.7	-24.0		20
3.7	-22.0		20
3.7	-20.0	-42.09538648932084	20
3.7	-18.0	-41.1052300573932	20
3.7	-16.0	-41.37631458598057	20
3.7	-14.0	-40.31292610661484	20
3.7	-12.0	-39.74174860978791	20
3.7	-10.0	-39.38026087259473	20
3.7	-8.0	-37.62116300601677	20
3.7	-6.0	-36.78924748789426	20
3.7	-4.0	-35.561524816338554	20
3.7	-2.0	-33.95437467424206	20
3.7	0.0	-31.665368229549404	20
3.7	2.0	-28.12963110774025	20
3.7	4.0	-24.898350981301288	20
3.7	6.0	-22.177850226848165	20
3.7	8.0	-18.988865350083298	20
3.7	10.0	-20.40757972536325	20
3.7	12.0	-17.532519214642033	20
3.7	14.0	-15.197925039774594	20
3.7	16.0	-14.582139338103588	20
3.7	18.0	-13.83625672822653	20
3.7	20.0	-12.903142639622686	20
3.7	22.0	-12.392244218237535	20
3.7	24.0	-11.769928345548836	20
3.7	26.0	-11.550900323300374	20
3.7	28.0	-11.81047193552958	20
3.7	30.0	-13.30492922101196	20
3.7	32.0		20
3.7	34.0		20
3.7	36.0		20
3.8	-50.0		20
3.8	-48.0		20
3.8	-46.0		20
3.8	-44.0		20
3.8	-42.0		20
3.8	-40.0		20
3.8	-38.0		20
3.8	-36.0		20
3.8	-34.0		20
3.8	-32.0		20
3.8	-30.0		20
3.8	-28.0		20
3.8	-26.0		20
3.8	-24.0		20
3.8	-22.0		20
3.8	-20.0		20
3.8	-18.0	-40.30660140622242	20
3.8	-16.0	-39.76468912805052	20
3.8	-14.0	-39.2842902797659	20
3.8	-12.0	-39.51169186660711	20
3.8	-10.0	-37.90378706253985	20
3.8	-8.0	-38.224935894492134	20
3.8	-6.0	-37.34503416712718	20
3.8	-4.0	-33.98163179060061	20
3.8	-2.0	-31.745664433183094	20
3.8	0.0	-32.66893575711593	20
3.8	2.0	-29.437097436882716	20
3.8	4.0	-26.724806310624302	20
3.8	6.0	-22.58556845976336	20
3.8	8.0	-21.095731636138275	20
3.8	10.0	-18.783041652226334	20
3.8	12.0	-16.855391555051547	20
3.8	14.0	-15.325834166362174	20
3.8	16.0	-15.045411485916517	20
3.8	18.0	-13.980042370738559	20
3.8	20.0	-13.204106265916232	20
3.8	22.0	-12.507395616590676	20
3.8	24.0	-11.86437683499178	20
3.8	26.0	-11.613198904982246	20
3.8	28.0	-11.775448709428321	20
3.8	30.0	-13.201341286298046	20
3.8	32.0		20
3.8	34.0		20
3.8	36.0		20
3.9	-50.0		20
3.9	-48.0		20
3.9	-46.0		20
3.9	-44.0		20
3.9	-42.0		20
3.9	-40.0		20
3.9	-38.0		20
3.9	-36.0		20
3.9	-34.0		20
3.9	-32.0		20
3.9	-30.0		20
3.9	-28.0		20
3.9	-26.0		20
3.9	-24.0		20
3.9	-22.0		20
3.9	-20.0		20
3.9	-18.0		20
3.9	-16.0	-40.693921330363246	20
3.9	-14.0	-38.87883210924333	20
3.9	-12.0	-38.709984479043825	20
3.9	-10.0	-38.830852196269205	20
3.9	-8.0	-38.4854125622711	20
3.9	-6.0	-35.703847796853346	20
3.9	-4.0	-36.06533955348395	20
3.9	-2.0	-32.12985121402026	20
3.9	0.0	-31.84660886896246	20
3.9	2.0	-28.940734727984005	20
3.9	4.0	-27.700322328337798	20
3.9	6.0	-23.50395474430821	20
3.9	8.0	-20.36372544578318	20
3.9	10.0	-20.368848189722833	20
3.9	12.0	-17.747295300168194	20
3.9	14.0	-15.589948989975602	20
3.9	16.0	-14.82956837679895	20
3.9	18.0	-13.754514100066611	20
3.9	20.0	-13.266554838710615	20
3.9	22.0	-12.635781619893383	20
3.9	24.0	-12.039803512762251	20
3.9	26.0	-11.661029919368598	20
3.9	28.0	-11.785170603729899	20
3.9	30.0	-13.2416452671951	20
3.9	32.0		20
3.9	34.0		20
3.9	36.0		20
4.0	-50.0		20
4.0	-48.0		20
4.0	-46.0		20
4.0	-44.0		20
4.0	-42.0		20
4.0	-40.0		20
4.0	-38.0		20
4.0	-36.0		20
4.0	-34.0		20
4.0	-32.0		20
4.0	-30.0		20
4.0	-28.0		20
4.0	-26.0		20
4.0	-24.0		20
4.0	-22.0		20
4.0	-20.0		20
4.0	-18.0		20
4.0	-16.0	-39.08451344848176	20
4.0	-14.0	-38.50484714481477	20
4.0	-12.0	-38.41054142954519	20
4.0	-10.0	-38.178109455905826	20
4.0	-8.0	-37.532911364359364	20
4.0	-6.0	-36.34613771149495	20
4.0	-4.0	-34.617826715616474	20
4.0	-2.0	-34.52337422412562	20
4.0	0.0	-32.51658701114858	20
4.0	2.0	-29.882293908172706	20
4.0	4.0	-27.392929038666683	20
4.0	6.0	-25.479286636139484	20
4.0	8.0	-23.05461211953027	20
4.0	10.0	-20.164811661382352	20
4.0	12.0	-17.58644054620405	20
4.0	14.0	-16.46586303454631	20
4.0	16.0	-14.685408485888251	20
4.0	18.0	-14.223132173911182	20
4.0	20.0	-13.527990230987587	20
4.0	22.0	-12.86781127251598	20
4.0	24.0	-12.104879819804509	20
4.0	26.0	-11.691788438725457	20
4.0	28.0	-11.84743963480671	20
4.0	30.0	-13.094761724055584	20
4.0	32.0		20
4.0	34.0		20
4.0	36.0		20
4.1	-50.0		20
4.1	-48.0		20
4.1	-46.0		20
4.1	-44.0		20
4.1	-42.0		20
4.1	-40.0		20
4.1	-38.0		20
4.1	-36.0		20
4.1	-34.0		20
4.1	-32.0		20
4.1	-30.0		20
4.1	-28.0		20
4.1	-26.0		20
4.1	-24.0		20
4.1	-22.0		20
4.1	-20.0		20
4.1	-18.0		20
4.1	-16.0	-38.98486640057579	20
4.1	-14.0	-37.634805920001966	20
4.1	-12.0	-37.369517360579195	20
4.1	-10.0	-36.38366834247103	20
4.1	-8.0	-37.1568651706805	20
4.1	-6.0	-36.446369687085294	20
4.1	-4.0	-34.91890510474866	20
4.1	-2.0	-34.980186709572415	20
4.1	0.0	-32.40019517317495	20
4.1	2.0	-30.526197533874658	20
4.1	4.0	-29.42689746047008	20
4.1	6.0	-25.625603012457884	20
4.1	8.0	-23.538924394281533	20
4.1	10.0	-19.973288793830946	20
4.1	12.0	-19.50241366041238	20
4.1	14.0	-16.518459504598194	20
4.1	16.0	-15.522838868334452	20
4.1	18.0	-14.407538982471667	20
4.1	20.0	-13.531965839838772	20
4.1	22.0	-12.935735206311957	20
4.1	24.0	-12.240921382787501	20
4.1	26.0	-11.810638726790424	20
4.1	28.0	-11.822442672641438	20
4.1	30.0	-13.067113929660835	20
4.1	32.0		20
4.1	34.0		20
4.1	36.0		20
4.2	-50.0		20
4.2	-48.0		20
4.2	-46.0		20
4.2	-44.0		20
4.2	-42.0		20
4.2	-40.0		20
4.2	-38.0		20
4.2	-36.0		20
4.2	-34.0		20
4.2	-32.0		20
4.2	-30.0		20
4.2	-28.0		20
4.2	-26.0		20
4.2	-24.0		20
4.2	-22.0		20
4.2	-20.0		20
4.2	-18.0		20
4.2	-16.0		20
4.2	-14.0		20
4.2	-12.0	-36.87698441335744	20
4.2	-10.0	-36.379169753342325	20
4.2	-8.0	-36.53886547484573	20
4.2	-6.0	-35.79179896605392	20
4.2	-4.0	-34.239294796606394	20
4.2	-2.0	-33.88189803768725	20
4.2	0.0	-30.82100576633541	20
4.2	2.0	-32.297859689710165	20
4.2	4.0	-29.108102113789737	20
4.2	6.0	-26.652531812554294	20
4.2	8.0	-23.04367887124448	20
4.2	10.0	-22.141826383466665	20
4.2	12.0	-17.44307353036394	20
4.2	14.0	-16.911655893419773	20
4.2	16.0	-15.578723437943509	20
4.2	18.0	-14.87964460236093	20
4.2	20.0	-14.013766304777025	20
4.2	22.0	-13.135113820455555	20
4.2	24.0	-12.302365986023151	20
4.2	26.0	-11.888300172699793	20
4.2	28.0	-11.808070751891751	20
4.2	30.0	-12.879507419971086	20
4.2	32.0		20
4.2	34.0		20
4.2	36.0		20
4.3	-50.0		20
4.3	-48.0		20
4.3	-46.0		20
4.3	-44.0		20
4.3	-42.0		20
4.3	-40.0		20
4.3	-38.0		20
4.3	-36.0		20
4.3	-34.0		20
4.3	-32.0		20
4.3	-30.0		20
4.3	-28.0		20
4.3	-26.0		20
4.3	-24.0		20
4.3	-22.0		20
4.3	-20.0		20
4.3	-18.0		20
4.3	-16.0		20
4.3	-14.0		20
4.3	-12.0	-36.98980567375973	20
4.3	-10.0	-35.56184940397539	20
4.3	-8.0	-35.386485950377526	20
4.3	-6.0	-35.74760492890091	20
4.3	-4.0	-34.57725365631228	20
4.3	-2.0	-33.169670988585665	20
4.3	0.0	-31.369015950117547	20
4.3	2.0	-31.964491091943767	20
4.3	4.0	-27.599680605944435	20
4.3	6.0	-26.590633334191654	20
4.3	8.0	-23.673826292986018	20
4.3	10.0	-21.13659059653059	20
4.3	12.0	-19.047449137987925	20
4.3	14.0	-16.300935045383547	20
4.3	16.0	-16.216990469355146	20
4.3	18.0	-14.916129186472853	20
4.3	20.0	-13.925792024024485	20
4.3	22.0	-13.205093935412398	20
4.3	24.0	-12.423292106522428	20
4.3	26.0	-11.968294539605484	20
4.3	28.0	-11.836913101354622	20
4.3	30.0	-12.931434699923553	20
4.3	32.0		20
4.3	34.0		20
4.3	36.0		20
4.4	-50.0		20
4.4	-48.0		20
4.4	-46.0		20
4.4	-44.0		20
4.4	-42.0		20
4.4	-40.0		20
4.4	-38.0		20
4.4	-36.0		20
4.4	-34.0		20
4.4	-32.0		20
4.4	-30.0		20
4.4	-28.0		20
4.4	-26.0		20
4.4	-24.0		20
4.4	-22.0		20
4.4	-20.0		20
4.4	-18.0		20
4.4	-16.0		20
4.4	-14.0		20
4.4	-12.0		20
4.4	-10.0	-34.64138960258182	20
4.4	-8.0	-34.84661521062968	20
4.4	-6.0	-34.284356851598346	20
4.4	-4.0	-34.85334248837039	20
4.4	-2.0	-33.901428402517	20
4.4	0.0	-31.425175674242336	20
4.4	2.0	-30.772402461733815	20
4.4	4.0	-29.611475715357056	20
4.4	6.0	-27.08262212464043	20
4.4	8.0	-25.734124789096068	20
4.4	10.0	-22.367305420596395	20
4.4	12.0	-19.84151654176395	20
4.4	14.0	-17.226980863539634	20
4.4	16.0	-16.33379029753106	20
4.4	18.0	-14.928906405492238	20
4.4	20.0	-14.136369379053871	20
4.4	22.0	-13.36924784856981	20
4.4	24.0	-12.590532020861549	20
4.4	26.0	-11.971995271903456	20
4.4	28.0	-11.92122273543773	20
4.4	30.0	-12.93328586384094	20
4.4	32.0		20
4.4	34.0		20
4.4	36.0		20
4.5	-50.0		20
4.5	-48.0		20
4.5	-46.0		20
4.5	-44.0		20
4.5	-42.0		20
4.5	-40.0		20
4.5	-38.0		20
4.5	-36.0		20
4.5	-34.0		20
4.5	-32.0		20
4.5	-30.0		20
4.5	-28.0		20
4.5	-26.0		20
4.5	-24.0		20
4.5	-22.0		20
4.5	-20.0		20
4.5	-18.0		20
4.5	-16.0		20
4.5	-14.0		20
4.5	-12.0	-36.15548008522414	20
4.5	-10.0	-35.36056453673393	20
4.5	-8.0	-34.644587416665075	20
4.5	-6.0	-34.60133181830229	20
4.5	-4.0	-33.7679916576699	20
4.5	-2.0	-33.71337978948178	20
4.5	0.0	-32.13457152612069	20
4.5	2.0	-31.53828357670874	20
4.5	4.0	-30.467423542272208	20
4.5	6.0	-28.417811887601708	20
4.5	8.0	-26.05388113455573	20
4.5	10.0	-23.78531154516109	20
4.5	12.0	-20.895625782158163	20
4.5	14.0	-18.005756558345126	20
4.5	16.0	-17.070628395312106	20
4.5	18.0	-15.46753904760728	20
4.5	20.0	-14.116864915573604	20
4.5	22.0	-13.409544644433069	20
4.5	24.0	-12.706710779041126	20
4.5	26.0	-12.043504543687245	20
4.5	28.0	-11.89915610204075	20
4.5	30.0	-12.864819280097725	20
4.5	32.0		20
4.5	34.0		20
4.5	36.0		20
4.6	-50.0		20
4.6	-48.0		20
4.6	-46.0		20
4.6	-44.0		20
4.6	-42.0		20
4.6	-40.0		20
4.6	-38.0		20
4.6	-36.0		20
4.6	-34.0		20
4.6	-32.0		20
4.6	-30.0		20
4.6	-28.0		20
4.6	-26.0		20
4.6	-24.0		20
4.6	-22.0		20
4.6	-20.0		20
4.6	-18.0		20
4.6	-16.0		20
4.6	-14.0		20
4.6	-12.0		20
4.6	-10.0	-35.056719237724096	20
4.6	-8.0	-34.74797991473121	20
4.6	-6.0	-33.90373989861218	20
4.6	-4.0	-33.72949362245551	20
4.6	-2.0	-32.94973297026934	20
4.6	0.0	-32.951655078543595	20
4.6	2.0	-30.89865569620455	20
4.6	4.0	-30.24503932293709	20
4.6	6.0	-29.475188618739576	20
4.6	8.0	-25.899400340068404	20
4.6	10.0	-24.143676113585357	20
4.6	12.0	-21.008565248490033	20
4.6	14.0	-18.644820318124538	20
4.6	16.0	-16.573583997143484	20
4.6	18.0	-15.61183009034104	20
4.6	20.0	-14.463926612012344	20
4.6	22.0	-13.674977300625278	20
4.6	24.0	-12.85419428976437	20
4.6	26.0	-12.164275852755173	20
4.6	28.0	-11.905259377159899	20
4.6	30.0	-12.841283969100086	20
4.6	32.0		20
4.6	34.0		20
4.6	36.0		20
4.7	-50.0		20
4.7	-48.0		20
4.7	-46.0		20
4.7	-44.0		20
4.7	-42.0		20
4.7	-40.0		20
4.7	-38.0		20
4.7	-36.0		20
4.7	-34.0		20
4.7	-32.0		20
4.7	-30.0		20
4.7	-28.0		20
4.7	-26.0		20
4.7	-24.0		20
4.7	-22.0		20
4.7	-20.0		20
4.7	-18.0		20
4.7	-16.0		20
4.7	-14.0		20
4.7	-12.0		20
4.7	-10.0	-34.80725921069476	20
4.7	-8.0	-34.50853039135617	20
4.7	-6.0	-33.447637144179154	20
4.7	-4.0	-33.34107651592449	20
4.7	-2.0	-32.43760185962192	20
4.7	0.0	-32.19448715588278	20
4.7	2.0	-30.738791041419432	20
4.7	4.0	-30.462571592534232	20
4.7	6.0	-27.319572570102416	20
4.7	8.0	-25.745161026549862	20
4.7	10.0	-24.37326803546308	20
4.7	12.0	-20.08029042112561	20
4.7	14.0	-17.667683499281132	20
4.7	16.0	-17.424342813559786	20
4.7	18.0	-15.897530462600661	20
4.7	20.0	-14.482368416178527	20
4.7	22.0	-13.692722074707072	20
4.7	24.0	-12.958074227419917	20
4.7	26.0	-12.213047767059496	20
4.7	28.0	-11.971857475184326	20
4.7	30.0	-12.660401833571896	20
4.7	32.0		20
4.7	34.0		20
4.7	36.0		20
4.8	-50.0		20
4.8	-48.0		20
4.8	-46.0		20
4.8	-44.0		20
4.8	-42.0		20
4.8	-40.0		20
4.8	-38.0		20
4.8	-36.0		20
4.8	-34.0		20
4.8	-32.0		20
4.8	-30.0		20
4.8	-28.0		20
4.8	-26.0		20
4.8	-24.0		20
4.8	-22.0		20
4.8	-20.0		20
4.8	-18.0		20
4.8	-16.0		20
4.8	-14.0		20
4.8	-12.0		20
4.8	-10.0	-35.08206806374369	20
4.8	-8.0	-34.30141208012329	20
4.8	-6.0	-33.048119738327	20
4.8	-4.0	-32.78260757330354	20
4.8	-2.0	-31.951199358199215	20
4.8	0.0	-32.50926836399801	20
4.8	2.0	-30.48345461083023	20
4.8	4.0	-30.5815410809826	20
4.8	6.0	-28.148055283332276	20
4.8	8.0	-26.8835793133593	20
4.8	10.0	-23.71456346496086	20
4.8	12.0	-21.005590128175108	20
4.8	14.0	-18.164195228839365	20
4.8	16.0	-17.050644599884333	20
4.8	18.0	-16.18648418902401	20
4.8	20.0	-14.960814138578325	20
4.8	22.0	-13.991529229785362	20
4.8	24.0	-12.99491037295267	20
4.8	26.0	-12.23343649552711	20
4.8	28.0	-12.03618763222231	20
4.8	30.0	-12.686960786563258	20
4.8	32.0		20
4.8	34.0		20
4.8	36.0		20
4.9	-50.0		20
4.9	-48.0		20
4.9	-46.0		20
4.9	-44.0		20
4.9	-42.0		20
4.9	-40.0		20
4.9	-38.0		20
4.9	-36.0		20
4.9	-34.0		20
4.9	-32.0		20
4.9	-30.0		20
4.9	-28.0		20
4.9	-26.0		20
4.9	-24.0		20
4.9	-22.0		20
4.9	-20.0		20
4.9	-18.0		20
4.9	-16.0		20
4.9	-14.0		20
4.9	-12.0		20
4.9	-10.0	-35.4822574922927	20
4.9	-8.0	-33.52647272435053	20
4.9	-6.0	-32.26954349164011	20
4.9	-4.0	-30.997964054506838	20
4.9	-2.0	-31.78497184659029	20
4.9	0.0	-31.655354042861052	20
4.9	2.0	-30.450387258893908	20
4.9	4.0	-30.43092498407491	20
4.9	6.0	-29.026631343233298	20
4.9	8.0	-25.646777474800256	20
4.9	10.0	-24.38697146383474	20
4.9	12.0	-23.463735961987464	20
4.9	14.0	-19.473130527408532	20
4.9	16.0	-17.75388902760004	20
4.9	18.0	-16.025010041044638	20
4.9	20.0	-14.928766687844751	20
4.9	22.0	-14.095587456776329	20
4.9	24.0	-13.086184484580372	20
4.9	26.0	-12.50858596198589	20
4.9	28.0	-12.076908198461233	20
4.9	30.0	-12.609366586286555	20
4.9	32.0		20
4.9	34.0		20
4.9	36.0		20
5.0	-50.0		20
5.0	-48.0		20
5.0	-46.0		20
5.0	-44.0		20
5.0	-42.0		20
5.0	-40.0		20
5.0	-38.0		20
5.0	-36.0		20
5.0	-34.0		20
5.0	-32.0		20
5.0	-30.0		20
5.0	-28.0		20
5.0	-26.0		20
5.0	-24.0		20
5.0	-22.0		20
5.0	-20.0		20
5.0	-18.0		20
5.0	-16.0		20
5.0	-14.0		20
5.0	-12.0		20
5.0	-10.0		20
5.0	-8.0	-33.534488319037365	20
5.0	-6.0	-33.09145696462848	20
5.0	-4.0	-32.34646895455633	20
5.0	-2.0	-31.86819615390879	20
5.0	0.0	-31.565127819287078	20
5.0	2.0	-30.381348179787373	20
5.0	4.0	-29.340031602116944	20
5.0	6.0	-28.283182091957862	20
5.0	8.0	-26.760766480040665	20
5.0	10.0	-23.98076918700079	20
5.0	12.0	-22.401022733333967	20
5.0	14.0	-19.29624186610882	20
5.0	16.0	-17.66473893651089	20
5.0	18.0	-15.895138528957471	20
5.0	20.0	-15.042622428226313	20
5.0	22.0	-14.156943537404896	20
5.0	24.0	-13.200789527947453	20
5.0	26.0	-12.556290497881818	20
5.0	28.0	-12.147542269020999	20
5.0	30.0	-12.718526875665756	20
5.0	32.0		20
5.0	34.0		20
5.0	36.0		20
5.1	-50.0		20
5.1	-48.0		20
5.1	-46.0		20
5.1	-44.0		20
5.1	-42.0		20
5.1	-40.0		20
5.1	-38.0		20
5.1	-36.0		20
5.1	-34.0		20
5.1	-32.0		20
5.1	-30.0		20
5.1	-28.0		20
5.1	-26.0		20
5.1	-24.0		20
5.1	-22.0		20
5.1	-20.0		20
5.1	-18.0		20
5.1	-16.0		20
5.1	-14.0		20
5.1	-12.0		20
5.1	-10.0		20
5.1	-8.0		20
5.1	-6.0	-32.2874250143562	20
5.1	-4.0	-32.03952859915374	20
5.1	-2.0	-31.21394247112092	20
5.1	0.0	-30.59691328256182	20
5.1	2.0	-30.74409257934437	20
5.1	4.0	-29.89586514205302	20
5.1	6.0	-29.14405135279069	20
5.1	8.0	-25.163578377176226	20
5.1	10.0	-25.627466399177898	20
5.1	12.0	-21.057609340268066	20
5.1	14.0	-20.190415566670815	20
5.1	16.0	-18.706658915580142	20
5.1	18.0	-16.497582390110193	20
5.1	20.0	-15.55190532477018	20
5.1	22.0	-14.271568875906743	20
5.1	24.0	-13.400026717223165	20
5.1	26.0	-12.543117751255796	20
5.1	28.0	-12.140522299815213	20
5.1	30.0	-12.757038740071902	20
5.1	32.0		20
5.1	34.0		20
5.1	36.0		20
5.2	-50.0		20
5.2	-48.0		20
5.2	-46.0		20
5.2	-44.0		20
5.2	-42.0		20
5.2	-40.0		20
5.2	-38.0		20
5.2	-36.0		20
5.2	-34.0		20
5.2	-32.0		20
5.2	-30.0		20
5.2	-28.0		20
5.2	-26.0		20
5.2	-24.0		20
5.2	-22.0		20
5.2	-20.0		20
5.2	-18.0		20
5.2	-16.0		20
5.2	-14.0		20
5.2	-12.0		20
5.2	-10.0		20
5.2	-8.0		20
5.2	-6.0	-31.788012327901434	20
5.2	-4.0	-30.362392259189743	20
5.2	-2.0	-31.463423916107523	20
5.2	0.0	-30.491983257196154	20
5.2	2.0	-30.23564120091546	20
5.2	4.0	-29.95030908285272	20
5.2	6.0	-28.227911513466694	20
5.2	8.0	-27.416466536838378	20
5.2	10.0	-25.992585425620337	20
5.2	12.0	-22.30414297328918	20
5.2	14.0	-19.84039185690782	20
5.2	16.0	-17.101055381536064	20
5.2	18.0	-17.447804351690973	20
5.2	20.0	-15.407367603777951	20
5.2	22.0	-14.338657902848391	20
5.2	24.0	-13.385463694706832	20
5.2	26.0	-12.647627110169273	20
5.2	28.0	-12.163422371300053	20
5.2	30.0	-12.798630009732753	20
5.2	32.0		20
5.2	34.0		20
5.2	36.0		20
5.3	-50.0		20
5.3	-48.0		20
5.3	-46.0		20
5.3	-44.0		20
5.3	-42.0		20
5.3	-40.0		20
5.3	-38.0		20
5.3	-36.0		20
5.3	-34.0		20
5.3	-32.0		20
5.3	-30.0		20
5.3	-28.0		20
5.3	-26.0		20
5.3	-24.0		20
5.3	-22.0		20
5.3	-20.0		20
5.3	-18.0		20
5.3	-16.0		20
5.3	-14.0		20
5.3	-12.0		20
5.3	-10.0		20
5.3	-8.0		20
5.3	-6.0	-31.37078404952702	20
5.3	-4.0	-31.105029737790773	20
5.3	-2.0	-30.629162122882615	20
5.3	0.0	-30.594455804825383	20
5.3	2.0	-30.15917914815668	20
5.3	4.0	-29.382669324760815	20
5.3	6.0	-27.8730499049758	20
5.3	8.0	-25.902324680933923	20
5.3	10.0	-26.578584032527544	20
5.3	12.0	-23.944903599971404	20
5.3	14.0	-20.757272006969693	20
5.3	16.0	-18.5496582055947	20
5.3	18.0	-16.51958393810596	20
5.3	20.0	-15.854203655110478	20
5.3	22.0	-14.693639933286835	20
5.3	24.0	-13.55465690060934	20
5.3	26.0	-12.689443643825246	20
5.3	28.0	-12.18908280374938	20
5.3	30.0	-12.617146966313852	20
5.3	32.0		20
5.3	34.0		20
5.3	36.0		20
5.4	-50.0		20
5.4	-48.0		20
5.4	-46.0		20
5.4	-44.0		20
5.4	-42.0		20
5.4	-40.0		20
5.4	-38.0		20
5.4	-36.0		20
5.4	-34.0		20
5.4	-32.0		20
5.4	-30.0		20
5.4	-28.0		20
5.4	-26.0		20
5.4	-24.0		20
5.4	-22.0		20
5.4	-20.0		20
5.4	-18.0		20
5.4	-16.0		20
5.4	-14.0		20
5.4	-12.0		20
5.4	-10.0		20
5.4	-8.0		20
5.4	-6.0		20
5.4	-4.0	-30.973158108722647	20
5.4	-2.0	-29.732450607158814	20
5.4	0.0	-29.62521250656355	20
5.4	2.0	-29.66668839616626	20
5.4	4.0	-29.41255159108012	20
5.4	6.0	-28.735355546529526	20
5.4	8.0	-26.271577288808157	20
5.4	10.0	-26.534502691995943	20
5.4	12.0	-23.22934275570424	20
5.4	14.0	-21.74081213574198	20
5.4	16.0	-18.48072160425633	20
5.4	18.0	-17.08705111839182	20
5.4	20.0	-15.735183641670773	20
5.4	22.0	-14.661427803478338	20
5.4	24.0	-13.60935503399261	20
5.4	26.0	-12.774843960946004	20
5.4	28.0	-12.258448908655023	20
5.4	30.0	-12.71993857321247	20
5.4	32.0		20
5.4	34.0		20
5.4	36.0		20
5.5	-50.0		20
5.5	-48.0		20
5.5	-46.0		20
5.5	-44.0		20
5.5	-42.0		20
5.5	-40.0		20
5.5	-38.0		20
5.5	-36.0		20
5.5	-34.0		20
5.5	-32.0		20
5.5	-30.0		20
5.5	-28.0		20
5.5	-26.0		20
5.5	-24.0		20
5.5	-22.0		20
5.5	-20.0		20
5.5	-18.0		20
5.5	-16.0		20
5.5	-14.0		20
5.5	-12.0		20
5.5	-10.0		20
5.5	-8.0		20
5.5	-6.0	-31.84074127249944	20
5.5	-4.0	-30.363321307764856	20
5.5	-2.0	-30.101481244988094	20
5.5	0.0	-29.59904598104212	20
5.5	2.0	-29.20113964076567	20
5.5	4.0	-29.05952353974333	20
5.5	6.0	-28.31771470471502	20
5.5	8.0	-25.561331308963958	20
5.5	10.0	-25.98849404596269	20
5.5	12.0	-24.116156149876	20
5.5	14.0	-21.050170946363938	20
5.5	16.0	-19.109210986001905	20
5.5	18.0	-16.895409960126468	20
5.5	20.0	-16.092122795048255	20
5.5	22.0	-14.989933039542056	20
5.5	24.0	-13.729357163194084	20
5.5	26.0	-12.92623696595204	20
5.5	28.0	-12.377122180040834	20
5.5	30.0	-12.655168932716748	20
5.5	32.0		20
5.5	34.0		20
5.5	36.0		20
5.6	-50.0		16
5.6	-48.0		16
5.6	-46.0		17
5.6	-44.0		17
5.6	-42.0		17
5.6	-40.0		17
5.6	-38.0		18
5.6	-36.0		18
5.6	-34.0		18
5.6	-32.0		18
5.6	-30.0		18
5.6	-28.0		18
5.6	-26.0		18
5.6	-24.0		18
5.6	-22.0		18
5.6	-20.0		18
5.6	-18.0		19
5.6	-16.0		19
5.6	-14.0		19
5.6	-12.0		20
5.6	-10.0		20
5.6	-8.0		20
5.6	-6.0	-31.63805992209155	20
5.6	-4.0	-30.684538412127797	20
5.6	-2.0	-30.120611992932787	20
5.6	0.0	-29.512489291357618	20
5.6	2.0	-29.240198745927245	20
5.6	4.0	-28.567192519561246	20
5.6	6.0	-28.008179659426638	20
5.6	8.0	-26.684665339998467	20
5.6	10.0	-25.062500234194736	20
5.6	12.0	-23.255967055372665	20
5.6	14.0	-21.437413425022932	20
5.6	16.0	-19.47322440918032	20
5.6	18.0	-17.827210594765706	20
5.6	20.0	-16.198347545766957	20
5.6	22.0	-14.760890272731482	20
5.6	24.0	-13.940568446142606	20
5.6	26.0	-13.005792368350011	20
5.6	28.0	-12.434076023548474	20
5.6	30.0	-12.656413411732952	20
5.6	32.0		20
5.6	34.0		20
5.6	36.0		20
5.7	-50.0		19
5.7	-48.0		19
5.7	-46.0		19
5.7	-44.0		19
5.7	-42.0		19
5.7	-40.0		19
5.7	-38.0		19
5.7	-36.0		19
5.7	-34.0		19
5.7	-32.0		19
5.7	-30.0		19
5.7	-28.0		19
5.7	-26.0		19
5.7	-24.0		19
5.7	-22.0		19
5.7	-20.0		19
5.7	-18.0		19
5.7	-16.0		19
5.7	-14.0		19
5.7	-12.0		20
5.7	-10.0		20
5.7	-8.0		20
5.7	-6.0		20
5.7	-4.0	-30.810050186093086	20
5.7	-2.0	-29.63059317927877	20
5.7	0.0	-29.649350981937495	20
5.7	2.0	-28.688368417906627	20
5.7	4.0	-28.40630604791238	20
5.7	6.0	-27.422922155349955	20
5.7	8.0	-25.898123588804857	20
5.7	10.0	-25.95322431289123	20
5.7	12.0	-24.708774277779337	20
5.7	14.0	-21.477350844792742	20
5.7	16.0	-19.361168110350008	20
5.7	18.0	-17.831883721366417	20
5.7	20.0	-16.28448113317709	20
5.7	22.0	-15.200012858352125	20
5.7	24.0	-13.905645181400768	20
5.7	26.0	-13.046266387585948	20
5.7	28.0	-12.448347735634488	20
5.7	30.0	-12.634957326041953	20
5.7	32.0		20
5.7	34.0		20
5.7	36.0		20
5.8	-50.0		10
5.8	-48.0		10
5.8	-46.0		10
5.8	-44.0		10
5.8	-42.0		10
5.8	-40.0		10
5.8	-38.0		10
5.8	-36.0		10
5.8	-34.0		10
5.8	-32.0		10
5.8	-30.0		10
5.8	-28.0		10
5.8	-26.0		10
5.8	-24.0		10
5.8	-22.0		10
5.8	-20.0		10
5.8	-18.0		10
5.8	-16.0		10
5.8	-14.0		10
5.8	-12.0		10
5.8	-10.0		10
5.8	-8.0		10
5.8	-6.0		10
5.8	-4.0	-31.08457844143693	11
5.8	-2.0	-29.572005317439537	11
5.8	0.0	-28.694203886836927	11
5.8	2.0	-28.8685661058887	11
5.8	4.0	-28.587310052498573	11
5.8	6.0	-28.595221716970332	11
5.8	8.0	-26.443478376417456	11
5.8	10.0	-24.823943482324953	12
5.8	12.0	-22.562427885361178	12
5.8	14.0	-21.62269730796708	13
5.8	16.0	-19.455514981782883	13
5.8	18.0	-17.94528765082479	15
5.8	20.0	-16.0996957104613	15
5.8	22.0	-15.358223258339434	15
5.8	24.0	-14.16735290436296	16
5.8	26.0	-13.15853079932846	16
5.8	28.0	-12.396090335842274	16
5.8	30.0	-12.607054892540344	16
5.8	32.0		16
5.8	34.0		16
5.8	36.0		16
5.9	-50.0		19
5.9	-48.0		19
5.9	-46.0		19
5.9	-44.0		19
5.9	-42.0		19
5.9	-40.0		19
5.9	-38.0		19
5.9	-36.0		19
5.9	-34.0		19
5.9	-32.0		19
5.9	-30.0		19
5.9	-28.0		19
5.9	-26.0		19
5.9	-24.0		19
5.9	-22.0		19
5.9	-20.0		19
5.9	-18.0		19
5.9	-16.0		19
5.9	-14.0		19
5.9	-12.0		19
5.9	-10.0		19
5.9	-8.0		19
5.9	-6.0		19
5.9	-4.0	-31.1708031898176	19
5.9	-2.0	-28.916794318511094	19
5.9	0.0	-28.786903638839956	19
5.9	2.0	-28.48440694670513	19
5.9	4.0	-27.637533753262712	19
5.9	6.0	-27.937598282434553	19
5.9	8.0	-27.527959319796913	19
5.9	10.0	-24.685541694964744	19
5.9	12.0	-24.29272475927726	19
5.9	14.0	-21.547017708556975	19
5.9	16.0	-19.992098844507556	19
5.9	18.0	-17.958272426282424	19
5.9	20.0	-16.61608819296698	19
5.9	22.0	-15.253330052238425	19
5.9	24.0	-14.244887569987542	19
5.9	26.0	-13.262057112762164	19
5.9	28.0	-12.564085648603605	19
5.9	30.0	-12.628156409940429	19
5.9	32.0		19
5.9	34.0		19
5.9	36.0		19
6.0	-50.0		10
6.0	-48.0		10
6.0	-46.0		10
6.0	-44.0		10
6.0	-42.0		10
6.0	-40.0		10
6.0	-38.0		10
6.0	-36.0		10
6.0	-34.0		10
6.0	-32.0		10
6.0	-30.0		10
6.0	-28.0		10
6.0	-26.0		10
6.0	-24.0		10
6.0	-22.0		10
6.0	-20.0		10
6.0	-18.0		10
6.0	-16.0		10
6.0	-14.0		10
6.0	-12.0		10
6.0	-10.0		10
6.0	-8.0		10
6.0	-6.0		10
6.0	-4.0		10
6.0	-2.0	-29.322361609547052	10
6.0	0.0	-28.571201067766204	10
6.0	2.0	-27.967980155225256	10
6.0	4.0	-28.20417663671546	10
6.0	6.0	-28.013194102904116	10
6.0	8.0	-26.63015146797772	10
6.0	10.0	-24.93012473298174	10
6.0	12.0	-23.79784479254348	10
6.0	14.0	-21.87820898344504	10
6.0	16.0	-18.847578634958705	10
6.0	18.0	-18.01032606214079	10
6.0	20.0	-16.945759204396435	10
6.0	22.0	-15.338248007166063	10
6.0	24.0	-14.303673496086407	10
6.0	26.0	-13.342943524649872	10
6.0	28.0	-12.596333861270526	10
6.0	30.0	-12.642350904130364	10
6.0	32.0		10
6.0	34.0		10
6.0	36.0		10
