n_iter	R0	timestart	llh
0.0	1.0	36.0	-inf
0.0	1.0	34.0	-inf
0.0	1.0	32.0	-inf
0.0	1.0	30.0	-inf
0.0	1.0	28.0	-inf
0.0	1.0	26.0	-20.691473159899452
0.0	1.0	24.0	-19.067740491951245
0.0	1.0	22.0	-22.101523131583086
0.0	1.0	20.0	-16.634257430271184
0.0	1.0	18.0	-20.430218657204023
0.0	1.0	16.0	-16.246148518946086
0.0	1.0	14.0	-15.600564759747426
0.0	1.0	12.0	-16.419421532951624
0.0	1.0	10.0	-16.481696594125246
0.0	1.0	8.0	-15.870707872925692
0.0	1.0	6.0	-14.415189264719263
0.0	1.0	4.0	-14.500566071036339
0.0	1.0	2.0	-14.888542218385089
0.0	1.0	0.0	-14.760984807256733
0.0	1.0	-2.0	-14.755375049173889
0.0	1.0	-4.0	-16.143092360413746
0.0	1.0	-6.0	-14.577772150685098
0.0	1.0	-8.0	-15.08205714884797
0.0	1.0	-10.0	-14.596580462746829
0.0	1.0	-12.0	-15.069972129369223
0.0	1.0	-14.0	-14.182010453341372
0.0	1.0	-16.0	-14.45300517167779
0.0	1.0	-18.0	-14.455150317757141
0.0	1.0	-20.0	-15.001488524967613
0.0	1.0	-22.0	-14.503428176099828
0.0	1.0	-24.0	-14.80351112034484
0.0	1.0	-26.0	-14.717621817206842
0.0	1.0	-28.0	-14.648891384608646
0.0	1.0	-30.0	-14.438498294651454
0.0	1.0	-32.0	-14.516277476267229
0.0	1.0	-34.0	-14.339181421918855
0.0	1.0	-36.0	-14.571743038482754
0.0	1.0	-38.0	-14.613603848252989
0.0	1.0	-40.0	-14.062277082631855
0.0	1.0	-42.0	-14.795164338323687
0.0	1.0	-44.0	-14.560868182222418
0.0	1.0	-46.0	-14.202509323482703
0.0	1.0	-48.0	-14.034905097827844
0.0	1.0	-50.0	-15.66980508220233
0.0	1.2	36.0	-inf
0.0	1.2	34.0	-inf
0.0	1.2	32.0	-inf
0.0	1.2	30.0	-inf
0.0	1.2	28.0	-inf
0.0	1.2	26.0	-inf
0.0	1.2	24.0	-20.05068877281513
0.0	1.2	22.0	-14.538541591782419
0.0	1.2	20.0	-15.816533249507664
0.0	1.2	18.0	-14.243374445779903
0.0	1.2	16.0	-14.166839584830399
0.0	1.2	14.0	-14.114369521768875
0.0	1.2	12.0	-13.758354175953151
0.0	1.2	10.0	-13.267601691377205
0.0	1.2	8.0	-12.983079024635956
0.0	1.2	6.0	-13.504920504760221
0.0	1.2	4.0	-12.440653495683396
0.0	1.2	2.0	-13.20275103665355
0.0	1.2	0.0	-13.133803761500461
0.0	1.2	-2.0	-13.050098675973521
0.0	1.2	-4.0	-12.666767305436775
0.0	1.2	-6.0	-13.566919515223537
0.0	1.2	-8.0	-13.381683671335166
0.0	1.2	-10.0	-12.9545078246611
0.0	1.2	-12.0	-12.921982639783579
0.0	1.2	-14.0	-12.738356698377373
0.0	1.2	-16.0	-13.9185636289586
0.0	1.2	-18.0	-13.310493867417545
0.0	1.2	-20.0	-13.316949212003468
0.0	1.2	-22.0	-13.284691290080705
0.0	1.2	-24.0	-13.939868532711317
0.0	1.2	-26.0	-13.990291688662383
0.0	1.2	-28.0	-13.530288794455089
0.0	1.2	-30.0	-13.444054001449311
0.0	1.2	-32.0	-13.920671515605704
0.0	1.2	-34.0	-13.191289543073294
0.0	1.2	-36.0	-14.228486633390334
0.0	1.2	-38.0	-13.302432896922799
0.0	1.2	-40.0	-14.013061355506018
0.0	1.2	-42.0	-15.08335641030586
0.0	1.2	-44.0	-14.840711227861982
0.0	1.2	-46.0	-13.859751324177845
0.0	1.2	-48.0	-14.37367456416937
0.0	1.2	-50.0	-17.140512584708386
0.0	1.4	36.0	-inf
0.0	1.4	34.0	-inf
0.0	1.4	32.0	-inf
0.0	1.4	30.0	-inf
0.0	1.4	28.0	-inf
0.0	1.4	26.0	-15.611662385671785
0.0	1.4	24.0	-14.228251693139393
0.0	1.4	22.0	-13.649936126665839
0.0	1.4	20.0	-13.763540278350575
0.0	1.4	18.0	-12.992510360000864
0.0	1.4	16.0	-12.874056214291635
0.0	1.4	14.0	-12.55052318037404
0.0	1.4	12.0	-12.77619778223463
0.0	1.4	10.0	-12.718699877257839
0.0	1.4	8.0	-12.225587152440259
0.0	1.4	6.0	-12.701407802763928
0.0	1.4	4.0	-12.677667468582296
0.0	1.4	2.0	-12.564585732707261
0.0	1.4	0.0	-12.403088230461822
0.0	1.4	-2.0	-12.896573270471933
0.0	1.4	-4.0	-12.550660786623691
0.0	1.4	-6.0	-12.696212760472582
0.0	1.4	-8.0	-12.929143129583764
0.0	1.4	-10.0	-12.894507438970512
0.0	1.4	-12.0	-12.864670026689375
0.0	1.4	-14.0	-13.08529332382181
0.0	1.4	-16.0	-13.343933201762415
0.0	1.4	-18.0	-13.72760954576567
0.0	1.4	-20.0	-13.57254019881373
0.0	1.4	-22.0	-13.492662078532124
0.0	1.4	-24.0	-14.182873882881381
0.0	1.4	-26.0	-13.604166635128546
0.0	1.4	-28.0	-14.468604477018495
0.0	1.4	-30.0	-12.982205493802693
0.0	1.4	-32.0	-14.527094904684395
0.0	1.4	-34.0	-13.422929581351823
0.0	1.4	-36.0	-14.858170601661833
0.0	1.4	-38.0	-14.481089024371926
0.0	1.4	-40.0	-14.733298584397257
0.0	1.4	-42.0	-16.616648235636504
0.0	1.4	-44.0	-15.083992454911844
0.0	1.4	-46.0	-18.68186149865808
0.0	1.4	-48.0	-27.723242351420676
0.0	1.4	-50.0	-17.723852781776944
0.0	1.5999999999999999	36.0	-inf
0.0	1.5999999999999999	34.0	-inf
0.0	1.5999999999999999	32.0	-inf
0.0	1.5999999999999999	30.0	-inf
0.0	1.5999999999999999	28.0	-16.614664141564568
0.0	1.5999999999999999	26.0	-14.78423101149497
0.0	1.5999999999999999	24.0	-14.013829733652189
0.0	1.5999999999999999	22.0	-12.946805425224252
0.0	1.5999999999999999	20.0	-12.498286570717452
0.0	1.5999999999999999	18.0	-12.635851974092228
0.0	1.5999999999999999	16.0	-12.07095060270687
0.0	1.5999999999999999	14.0	-12.058140811676239
0.0	1.5999999999999999	12.0	-12.006679772291612
0.0	1.5999999999999999	10.0	-12.017332544970436
0.0	1.5999999999999999	8.0	-11.876907660543086
0.0	1.5999999999999999	6.0	-11.880856160099187
0.0	1.5999999999999999	4.0	-12.330253657363254
0.0	1.5999999999999999	2.0	-11.941337308909466
0.0	1.5999999999999999	0.0	-12.876192752615978
0.0	1.5999999999999999	-2.0	-12.757473138925818
0.0	1.5999999999999999	-4.0	-12.866613591225033
0.0	1.5999999999999999	-6.0	-13.550456854343786
0.0	1.5999999999999999	-8.0	-14.66511998129191
0.0	1.5999999999999999	-10.0	-12.764963405595834
0.0	1.5999999999999999	-12.0	-12.920315924035854
0.0	1.5999999999999999	-14.0	-13.467246502537064
0.0	1.5999999999999999	-16.0	-13.489582994143166
0.0	1.5999999999999999	-18.0	-13.588312096022094
0.0	1.5999999999999999	-20.0	-15.191075740988607
0.0	1.5999999999999999	-22.0	-14.45239357439881
0.0	1.5999999999999999	-24.0	-14.345470064828364
0.0	1.5999999999999999	-26.0	-22.227089301130583
0.0	1.5999999999999999	-28.0	-17.310207168271575
0.0	1.5999999999999999	-30.0	-15.926899507038087
0.0	1.5999999999999999	-32.0	-21.31316879828669
0.0	1.5999999999999999	-34.0	-21.05337972397779
0.0	1.5999999999999999	-36.0	-44.99995104669068
0.0	1.5999999999999999	-38.0	-27.595990159188403
0.0	1.5999999999999999	-40.0	-38.841797742814805
0.0	1.5999999999999999	-42.0	-22.358364125396616
0.0	1.5999999999999999	-44.0	-17.65473648644819
0.0	1.5999999999999999	-46.0	-56.14744090720239
0.0	1.5999999999999999	-48.0	-53.17931847016925
0.0	1.5999999999999999	-50.0	-53.74238510375947
0.0	1.7999999999999998	36.0	-inf
0.0	1.7999999999999998	34.0	-inf
0.0	1.7999999999999998	32.0	-inf
0.0	1.7999999999999998	30.0	-inf
0.0	1.7999999999999998	28.0	-inf
0.0	1.7999999999999998	26.0	-14.267915042723512
0.0	1.7999999999999998	24.0	-13.032020690345847
0.0	1.7999999999999998	22.0	-12.359118661707354
0.0	1.7999999999999998	20.0	-12.035538705610481
0.0	1.7999999999999998	18.0	-11.531502439347012
0.0	1.7999999999999998	16.0	-11.71586627726124
0.0	1.7999999999999998	14.0	-11.586334647399816
0.0	1.7999999999999998	12.0	-11.725575314393858
0.0	1.7999999999999998	10.0	-11.944769277028968
0.0	1.7999999999999998	8.0	-12.565510520469104
0.0	1.7999999999999998	6.0	-12.536789014212282
0.0	1.7999999999999998	4.0	-13.203422231174017
0.0	1.7999999999999998	2.0	-12.740699957315652
0.0	1.7999999999999998	0.0	-12.714801859890557
0.0	1.7999999999999998	-2.0	-13.58910937313163
0.0	1.7999999999999998	-4.0	-13.563347241292519
0.0	1.7999999999999998	-6.0	-12.86747871927842
0.0	1.7999999999999998	-8.0	-14.28280401688202
0.0	1.7999999999999998	-10.0	-14.543230504486669
0.0	1.7999999999999998	-12.0	-15.040361014048367
0.0	1.7999999999999998	-14.0	-13.76037126079106
0.0	1.7999999999999998	-16.0	-17.947562481694387
0.0	1.7999999999999998	-18.0	-17.3682725551232
0.0	1.7999999999999998	-20.0	-15.719616609416642
0.0	1.7999999999999998	-22.0	-16.354505827849408
0.0	1.7999999999999998	-24.0	-16.44602340245486
0.0	1.7999999999999998	-26.0	-38.35038780303493
0.0	1.7999999999999998	-28.0	-16.175143564812824
0.0	1.7999999999999998	-30.0	-15.54722120829118
0.0	1.7999999999999998	-32.0	-37.33003399001421
0.0	1.7999999999999998	-34.0	-29.749675249566398
0.0	1.7999999999999998	-36.0	-44.8998194313271
0.0	1.7999999999999998	-38.0	-26.824176041734077
0.0	1.7999999999999998	-40.0	-53.27786533206185
0.0	1.7999999999999998	-42.0	-27.640411230107926
0.0	1.7999999999999998	-44.0	-15.34964615506356
0.0	1.7999999999999998	-46.0	-56.05401743707417
0.0	1.7999999999999998	-48.0	-52.337429266448765
0.0	1.7999999999999998	-50.0	-60.69491558687173
0.0	1.9999999999999998	36.0	-inf
0.0	1.9999999999999998	34.0	-inf
0.0	1.9999999999999998	32.0	-inf
0.0	1.9999999999999998	30.0	-inf
0.0	1.9999999999999998	28.0	-14.16878770394121
0.0	1.9999999999999998	26.0	-12.554847591963082
0.0	1.9999999999999998	24.0	-12.130286378469041
0.0	1.9999999999999998	22.0	-12.076248436169928
0.0	1.9999999999999998	20.0	-11.499013675998766
0.0	1.9999999999999998	18.0	-11.399645554592498
0.0	1.9999999999999998	16.0	-11.338679536663227
0.0	1.9999999999999998	14.0	-11.694112399515083
0.0	1.9999999999999998	12.0	-11.619282256219748
0.0	1.9999999999999998	10.0	-11.754011891220658
0.0	1.9999999999999998	8.0	-12.77787748728646
0.0	1.9999999999999998	6.0	-12.603810915252613
0.0	1.9999999999999998	4.0	-12.674735963190361
0.0	1.9999999999999998	2.0	-13.570414336996734
0.0	1.9999999999999998	0.0	-14.049397576656624
0.0	1.9999999999999998	-2.0	-14.041413379571424
0.0	1.9999999999999998	-4.0	-13.59509120944223
0.0	1.9999999999999998	-6.0	-13.86712941868785
0.0	1.9999999999999998	-8.0	-21.142188912987578
0.0	1.9999999999999998	-10.0	-14.584239225699825
0.0	1.9999999999999998	-12.0	-14.708551104249187
0.0	1.9999999999999998	-14.0	-25.920253433892245
0.0	1.9999999999999998	-16.0	-14.293753988100605
0.0	1.9999999999999998	-18.0	-26.10303156572215
0.0	1.9999999999999998	-20.0	-19.282125727255192
0.0	1.9999999999999998	-22.0	-24.612377266309135
0.0	1.9999999999999998	-24.0	-37.99798058560164
0.0	1.9999999999999998	-26.0	-27.554039831762143
0.0	1.9999999999999998	-28.0	-28.330719793785555
0.0	1.9999999999999998	-30.0	-48.586597885712855
0.0	1.9999999999999998	-32.0	-46.124619340221194
0.0	1.9999999999999998	-34.0	-60.28957223732638
0.0	1.9999999999999998	-36.0	-33.791842674241934
0.0	1.9999999999999998	-38.0	-52.97696977124161
0.0	1.9999999999999998	-40.0	-17.25395110975288
0.0	1.9999999999999998	-42.0	-56.978152508206904
0.0	1.9999999999999998	-44.0	-37.637763598376154
0.0	1.9999999999999998	-46.0	-68.30793103823322
0.0	1.9999999999999998	-48.0	-76.69076527171643
0.0	1.9999999999999998	-50.0	-76.13843766402087
0.0	2.1999999999999997	36.0	-inf
0.0	2.1999999999999997	34.0	-inf
0.0	2.1999999999999997	32.0	-inf
0.0	2.1999999999999997	30.0	-15.484231937190586
0.0	2.1999999999999997	28.0	-13.389925068902121
0.0	2.1999999999999997	26.0	-12.158128314594205
0.0	2.1999999999999997	24.0	-11.731061129068298
0.0	2.1999999999999997	22.0	-11.474087969890961
0.0	2.1999999999999997	20.0	-11.297370248677105
0.0	2.1999999999999997	18.0	-11.45323601606789
0.0	2.1999999999999997	16.0	-11.660497154479469
0.0	2.1999999999999997	14.0	-11.564099709971414
0.0	2.1999999999999997	12.0	-12.067518412592072
0.0	2.1999999999999997	10.0	-12.508277140232842
0.0	2.1999999999999997	8.0	-13.088397861542493
0.0	2.1999999999999997	6.0	-12.877383827273533
0.0	2.1999999999999997	4.0	-13.46291798660414
0.0	2.1999999999999997	2.0	-15.14038796284752
0.0	2.1999999999999997	0.0	-13.949008412465393
0.0	2.1999999999999997	-2.0	-15.292929994280069
0.0	2.1999999999999997	-4.0	-19.67842073458069
0.0	2.1999999999999997	-6.0	-17.563341736165857
0.0	2.1999999999999997	-8.0	-16.060212988934417
0.0	2.1999999999999997	-10.0	-16.989759891918
0.0	2.1999999999999997	-12.0	-26.907843207340314
0.0	2.1999999999999997	-14.0	-28.796176309537547
0.0	2.1999999999999997	-16.0	-20.775135048095823
0.0	2.1999999999999997	-18.0	-39.70033003586902
0.0	2.1999999999999997	-20.0	-36.807652588755474
0.0	2.1999999999999997	-22.0	-33.81840372291335
0.0	2.1999999999999997	-24.0	-53.73541464018502
0.0	2.1999999999999997	-26.0	-37.075853665216286
0.0	2.1999999999999997	-28.0	-50.71157013646025
0.0	2.1999999999999997	-30.0	-50.23705997826653
0.0	2.1999999999999997	-32.0	-58.92815757345048
0.0	2.1999999999999997	-34.0	-47.82854137003944
0.0	2.1999999999999997	-36.0	-59.70841841526753
0.0	2.1999999999999997	-38.0	-68.39432562030198
0.0	2.1999999999999997	-40.0	-59.81431708563164
0.0	2.1999999999999997	-42.0	-65.63427469889554
0.0	2.1999999999999997	-44.0	-65.27683761438657
0.0	2.1999999999999997	-46.0	-68.31773816484423
0.0	2.1999999999999997	-48.0	-75.45683197023322
0.0	2.1999999999999997	-50.0	-71.09295250743392
0.0	2.3999999999999995	36.0	-inf
0.0	2.3999999999999995	34.0	-inf
0.0	2.3999999999999995	32.0	-inf
0.0	2.3999999999999995	30.0	-inf
0.0	2.3999999999999995	28.0	-12.937501563222478
0.0	2.3999999999999995	26.0	-12.421758389263118
0.0	2.3999999999999995	24.0	-11.595539719379248
0.0	2.3999999999999995	22.0	-11.362889766850952
0.0	2.3999999999999995	20.0	-11.588451315971453
0.0	2.3999999999999995	18.0	-11.613961048187456
0.0	2.3999999999999995	16.0	-11.699870001442903
0.0	2.3999999999999995	14.0	-12.34856863301669
0.0	2.3999999999999995	12.0	-12.655374797348403
0.0	2.3999999999999995	10.0	-13.68651701903708
0.0	2.3999999999999995	8.0	-13.060822875852034
0.0	2.3999999999999995	6.0	-13.49316929340861
0.0	2.3999999999999995	4.0	-16.44476819247279
0.0	2.3999999999999995	2.0	-14.558807011899262
0.0	2.3999999999999995	0.0	-14.515676291804395
0.0	2.3999999999999995	-2.0	-14.526125635661824
0.0	2.3999999999999995	-4.0	-14.949404030896961
0.0	2.3999999999999995	-6.0	-25.65607637797002
0.0	2.3999999999999995	-8.0	-24.731092073986222
0.0	2.3999999999999995	-10.0	-22.466214038935217
0.0	2.3999999999999995	-12.0	-40.04688062273664
0.0	2.3999999999999995	-14.0	-17.93744659994204
0.0	2.3999999999999995	-16.0	-49.332102751518974
0.0	2.3999999999999995	-18.0	-28.547935308574072
0.0	2.3999999999999995	-20.0	-51.24201823979122
0.0	2.3999999999999995	-22.0	-30.308605529845288
0.0	2.3999999999999995	-24.0	-46.86298648037458
0.0	2.3999999999999995	-26.0	-54.08454885168477
0.0	2.3999999999999995	-28.0	-45.541195318263135
0.0	2.3999999999999995	-30.0	-46.8468539695877
0.0	2.3999999999999995	-32.0	-54.17696338849983
0.0	2.3999999999999995	-34.0	-58.01009052319111
0.0	2.3999999999999995	-36.0	-61.17762237703132
0.0	2.3999999999999995	-38.0	-62.05090375901373
0.0	2.3999999999999995	-40.0	-49.09708104377953
0.0	2.3999999999999995	-42.0	-66.67809191837742
0.0	2.3999999999999995	-44.0	-63.068156850531025
0.0	2.3999999999999995	-46.0	-62.717995883107676
0.0	2.3999999999999995	-48.0	-54.76546562219021
0.0	2.3999999999999995	-50.0	-inf
0.0	2.5999999999999996	36.0	-inf
0.0	2.5999999999999996	34.0	-inf
0.0	2.5999999999999996	32.0	-inf
0.0	2.5999999999999996	30.0	-18.36675928357706
0.0	2.5999999999999996	28.0	-13.019648249839975
0.0	2.5999999999999996	26.0	-11.6944697183741
0.0	2.5999999999999996	24.0	-11.369642377065338
0.0	2.5999999999999996	22.0	-11.635595240555388
0.0	2.5999999999999996	20.0	-11.678820057045511
0.0	2.5999999999999996	18.0	-11.612697161336513
0.0	2.5999999999999996	16.0	-12.814159143143874
0.0	2.5999999999999996	14.0	-12.813592214360881
0.0	2.5999999999999996	12.0	-12.709306774136188
0.0	2.5999999999999996	10.0	-13.912194449439944
0.0	2.5999999999999996	8.0	-13.302305493600095
0.0	2.5999999999999996	6.0	-13.540785159914275
0.0	2.5999999999999996	4.0	-13.646187395097282
0.0	2.5999999999999996	2.0	-13.634214244986932
0.0	2.5999999999999996	0.0	-14.128838649513813
0.0	2.5999999999999996	-2.0	-14.969614879721805
0.0	2.5999999999999996	-4.0	-19.599463801706435
0.0	2.5999999999999996	-6.0	-22.665712384609208
0.0	2.5999999999999996	-8.0	-23.118875959273367
0.0	2.5999999999999996	-10.0	-38.57981788712389
0.0	2.5999999999999996	-12.0	-38.20827123659397
0.0	2.5999999999999996	-14.0	-33.683208603512696
0.0	2.5999999999999996	-16.0	-49.306651367204935
0.0	2.5999999999999996	-18.0	-52.49824247810927
0.0	2.5999999999999996	-20.0	-42.75400112530732
0.0	2.5999999999999996	-22.0	-55.26193652372847
0.0	2.5999999999999996	-24.0	-56.51386204927473
0.0	2.5999999999999996	-26.0	-54.01591870080511
0.0	2.5999999999999996	-28.0	-55.39453585024156
0.0	2.5999999999999996	-30.0	-58.429731968390335
0.0	2.5999999999999996	-32.0	-56.389774343620516
0.0	2.5999999999999996	-34.0	-47.101084801533396
0.0	2.5999999999999996	-36.0	-58.844088166278176
0.0	2.5999999999999996	-38.0	-51.71909810545309
0.0	2.5999999999999996	-40.0	-52.60300039855274
0.0	2.5999999999999996	-42.0	-56.78413587364124
0.0	2.5999999999999996	-44.0	-58.69129917341625
0.0	2.5999999999999996	-46.0	-57.387024445659094
0.0	2.5999999999999996	-48.0	-inf
0.0	2.5999999999999996	-50.0	-inf
0.0	2.8	36.0	-inf
0.0	2.8	34.0	-inf
0.0	2.8	32.0	-inf
0.0	2.8	30.0	-13.932312161129738
0.0	2.8	28.0	-12.340163568846613
0.0	2.8	26.0	-11.405965936009412
0.0	2.8	24.0	-11.381129639727401
0.0	2.8	22.0	-11.28447766969201
0.0	2.8	20.0	-11.41665278530095
0.0	2.8	18.0	-12.38645204441715
0.0	2.8	16.0	-12.58016190811498
0.0	2.8	14.0	-13.686463198266557
0.0	2.8	12.0	-13.365071385103882
0.0	2.8	10.0	-13.030776082563396
0.0	2.8	8.0	-14.316699724314905
0.0	2.8	6.0	-14.179853989998644
0.0	2.8	4.0	-14.485802529468636
0.0	2.8	2.0	-25.567769203332375
0.0	2.8	0.0	-14.867886313862961
0.0	2.8	-2.0	-24.559011834777458
0.0	2.8	-4.0	-29.652976798144422
0.0	2.8	-6.0	-33.62725367022301
0.0	2.8	-8.0	-37.321708294340375
0.0	2.8	-10.0	-43.57207310130574
0.0	2.8	-12.0	-45.94303953542886
0.0	2.8	-14.0	-44.37532743539389
0.0	2.8	-16.0	-38.181327634007594
0.0	2.8	-18.0	-48.06813489424873
0.0	2.8	-20.0	-48.24284977809037
0.0	2.8	-22.0	-43.66001481102439
0.0	2.8	-24.0	-50.464647151127394
0.0	2.8	-26.0	-52.784495873933764
0.0	2.8	-28.0	-54.929111705710646
0.0	2.8	-30.0	-53.500651839703444
0.0	2.8	-32.0	-54.12899807502984
0.0	2.8	-34.0	-61.008441366273104
0.0	2.8	-36.0	-58.088240879800914
0.0	2.8	-38.0	-inf
0.0	2.8	-40.0	-50.115011988798614
0.0	2.8	-42.0	-inf
0.0	2.8	-44.0	-inf
0.0	2.8	-46.0	-inf
0.0	2.8	-48.0	-inf
0.0	2.8	-50.0	-inf
0.0	2.9999999999999996	36.0	-inf
0.0	2.9999999999999996	34.0	-inf
0.0	2.9999999999999996	32.0	-inf
0.0	2.9999999999999996	30.0	-14.578705410399177
0.0	2.9999999999999996	28.0	-12.101267378336761
0.0	2.9999999999999996	26.0	-11.742109010560977
0.0	2.9999999999999996	24.0	-11.468063899341608
0.0	2.9999999999999996	22.0	-11.842963904172148
0.0	2.9999999999999996	20.0	-11.592279393641904
0.0	2.9999999999999996	18.0	-12.01529934705321
0.0	2.9999999999999996	16.0	-12.843475386009281
0.0	2.9999999999999996	14.0	-12.866346380049324
0.0	2.9999999999999996	12.0	-13.675954393551242
0.0	2.9999999999999996	10.0	-14.169339357522057
0.0	2.9999999999999996	8.0	-13.795434031752668
0.0	2.9999999999999996	6.0	-15.885592033907159
0.0	2.9999999999999996	4.0	-18.06633011974901
0.0	2.9999999999999996	2.0	-15.023454387079752
0.0	2.9999999999999996	0.0	-15.342135003904074
0.0	2.9999999999999996	-2.0	-29.12852381925732
0.0	2.9999999999999996	-4.0	-29.809865389307728
0.0	2.9999999999999996	-6.0	-31.93837601383906
0.0	2.9999999999999996	-8.0	-44.04606163560884
0.0	2.9999999999999996	-10.0	-43.94916431577611
0.0	2.9999999999999996	-12.0	-39.671587820295116
0.0	2.9999999999999996	-14.0	-45.01751032700594
0.0	2.9999999999999996	-16.0	-35.14836576643827
0.0	2.9999999999999996	-18.0	-47.85201767442493
0.0	2.9999999999999996	-20.0	-51.77811196733899
0.0	2.9999999999999996	-22.0	-48.50279225809451
0.0	2.9999999999999996	-24.0	-51.12871446448284
0.0	2.9999999999999996	-26.0	-47.779600971580045
0.0	2.9999999999999996	-28.0	-45.51096183971886
0.0	2.9999999999999996	-30.0	-49.1520032347227
0.0	2.9999999999999996	-32.0	-52.794232417847496
0.0	2.9999999999999996	-34.0	-inf
0.0	2.9999999999999996	-36.0	-inf
0.0	2.9999999999999996	-38.0	-inf
0.0	2.9999999999999996	-40.0	-50.46324678478696
0.0	2.9999999999999996	-42.0	-inf
0.0	2.9999999999999996	-44.0	-inf
0.0	2.9999999999999996	-46.0	-inf
0.0	2.9999999999999996	-48.0	-inf
0.0	2.9999999999999996	-50.0	-inf
0.0	3.1999999999999993	36.0	-inf
0.0	3.1999999999999993	34.0	-inf
0.0	3.1999999999999993	32.0	-inf
0.0	3.1999999999999993	30.0	-15.026411238027215
0.0	3.1999999999999993	28.0	-11.959584369769125
0.0	3.1999999999999993	26.0	-11.646149221037795
0.0	3.1999999999999993	24.0	-11.373552185905266
0.0	3.1999999999999993	22.0	-11.61971729342157
0.0	3.1999999999999993	20.0	-12.212354484181407
0.0	3.1999999999999993	18.0	-12.599748295556383
0.0	3.1999999999999993	16.0	-13.064081436229682
0.0	3.1999999999999993	14.0	-14.09605593794323
0.0	3.1999999999999993	12.0	-14.075945584293397
0.0	3.1999999999999993	10.0	-14.487905487254153
0.0	3.1999999999999993	8.0	-15.743294647556201
0.0	3.1999999999999993	6.0	-17.17000125442378
0.0	3.1999999999999993	4.0	-20.247724066615277
0.0	3.1999999999999993	2.0	-25.52253032176625
0.0	3.1999999999999993	0.0	-31.571203243827114
0.0	3.1999999999999993	-2.0	-25.81361677433695
0.0	3.1999999999999993	-4.0	-37.21246596292728
0.0	3.1999999999999993	-6.0	-39.969350037272655
0.0	3.1999999999999993	-8.0	-44.157775386908256
0.0	3.1999999999999993	-10.0	-35.08351874368291
0.0	3.1999999999999993	-12.0	-42.91805943759057
0.0	3.1999999999999993	-14.0	-44.757127077760046
0.0	3.1999999999999993	-16.0	-46.28039787596244
0.0	3.1999999999999993	-18.0	-43.142783613014416
0.0	3.1999999999999993	-20.0	-46.839741944218105
0.0	3.1999999999999993	-22.0	-47.21530374765548
0.0	3.1999999999999993	-24.0	-47.86565973732831
0.0	3.1999999999999993	-26.0	-44.89998444633246
0.0	3.1999999999999993	-28.0	-inf
0.0	3.1999999999999993	-30.0	-inf
0.0	3.1999999999999993	-32.0	-46.451218656044674
0.0	3.1999999999999993	-34.0	-inf
0.0	3.1999999999999993	-36.0	-inf
0.0	3.1999999999999993	-38.0	-inf
0.0	3.1999999999999993	-40.0	-inf
0.0	3.1999999999999993	-42.0	-inf
0.0	3.1999999999999993	-44.0	-inf
0.0	3.1999999999999993	-46.0	-inf
0.0	3.1999999999999993	-48.0	-inf
0.0	3.1999999999999993	-50.0	-inf
0.0	3.3999999999999995	36.0	-inf
0.0	3.3999999999999995	34.0	-inf
0.0	3.3999999999999995	32.0	-inf
0.0	3.3999999999999995	30.0	-13.636491006171234
0.0	3.3999999999999995	28.0	-11.781694339331658
0.0	3.3999999999999995	26.0	-11.329641912496871
0.0	3.3999999999999995	24.0	-11.620109266416032
0.0	3.3999999999999995	22.0	-11.881709390727469
0.0	3.3999999999999995	20.0	-12.90189309888667
0.0	3.3999999999999995	18.0	-12.297491970636562
0.0	3.3999999999999995	16.0	-14.226733997188358
0.0	3.3999999999999995	14.0	-13.70161019274628
0.0	3.3999999999999995	12.0	-15.819192204157826
0.0	3.3999999999999995	10.0	-18.811524660211692
0.0	3.3999999999999995	8.0	-15.849039358987056
0.0	3.3999999999999995	6.0	-16.833185125675392
0.0	3.3999999999999995	4.0	-24.619460413717356
0.0	3.3999999999999995	2.0	-24.056190972253546
0.0	3.3999999999999995	0.0	-27.873652388456946
0.0	3.3999999999999995	-2.0	-32.11661115706163
0.0	3.3999999999999995	-4.0	-32.43921765791449
0.0	3.3999999999999995	-6.0	-38.132137253787974
0.0	3.3999999999999995	-8.0	-45.514190544580096
0.0	3.3999999999999995	-10.0	-41.84588158906838
0.0	3.3999999999999995	-12.0	-44.3127243127293
0.0	3.3999999999999995	-14.0	-44.170478926489665
0.0	3.3999999999999995	-16.0	-45.73558955237917
0.0	3.3999999999999995	-18.0	-45.08666247025733
0.0	3.3999999999999995	-20.0	-44.28089810082156
0.0	3.3999999999999995	-22.0	-46.535168809527825
0.0	3.3999999999999995	-24.0	-45.89416625971178
0.0	3.3999999999999995	-26.0	-46.183766886178915
0.0	3.3999999999999995	-28.0	-inf
0.0	3.3999999999999995	-30.0	-46.13335947131949
0.0	3.3999999999999995	-32.0	-46.72776773470045
0.0	3.3999999999999995	-34.0	-47.30374554741556
0.0	3.3999999999999995	-36.0	-inf
0.0	3.3999999999999995	-38.0	-inf
0.0	3.3999999999999995	-40.0	-inf
0.0	3.3999999999999995	-42.0	-inf
0.0	3.3999999999999995	-44.0	-inf
0.0	3.3999999999999995	-46.0	-inf
0.0	3.3999999999999995	-48.0	-inf
0.0	3.3999999999999995	-50.0	-inf
0.0	3.5999999999999996	36.0	-inf
0.0	3.5999999999999996	34.0	-inf
0.0	3.5999999999999996	32.0	-inf
0.0	3.5999999999999996	30.0	-12.947660412287544
0.0	3.5999999999999996	28.0	-11.60972495449214
0.0	3.5999999999999996	26.0	-11.536429016761984
0.0	3.5999999999999996	24.0	-11.84188669963234
0.0	3.5999999999999996	22.0	-12.719171330215815
0.0	3.5999999999999996	20.0	-12.813087120267543
0.0	3.5999999999999996	18.0	-12.948898025778611
0.0	3.5999999999999996	16.0	-15.20595594240543
0.0	3.5999999999999996	14.0	-14.512359672783274
0.0	3.5999999999999996	12.0	-13.547088676408517
0.0	3.5999999999999996	10.0	-13.821504596671227
0.0	3.5999999999999996	8.0	-17.93842021846919
0.0	3.5999999999999996	6.0	-14.688645325179506
0.0	3.5999999999999996	4.0	-22.471651773667585
0.0	3.5999999999999996	2.0	-19.491819419870183
0.0	3.5999999999999996	0.0	-34.31416938243056
0.0	3.5999999999999996	-2.0	-15.567732415584196
0.0	3.5999999999999996	-4.0	-21.290129287387323
0.0	3.5999999999999996	-6.0	-32.447101403701986
0.0	3.5999999999999996	-8.0	-41.402461031984835
0.0	3.5999999999999996	-10.0	-40.57488488738487
0.0	3.5999999999999996	-12.0	-42.33226864959304
0.0	3.5999999999999996	-14.0	-41.73558605432795
0.0	3.5999999999999996	-16.0	-42.680171121418304
0.0	3.5999999999999996	-18.0	-44.59097387461007
0.0	3.5999999999999996	-20.0	-40.60732594801599
0.0	3.5999999999999996	-22.0	-41.375889540364
0.0	3.5999999999999996	-24.0	-37.921445489959574
0.0	3.5999999999999996	-26.0	-inf
0.0	3.5999999999999996	-28.0	-inf
0.0	3.5999999999999996	-30.0	-inf
0.0	3.5999999999999996	-32.0	-inf
0.0	3.5999999999999996	-34.0	-inf
0.0	3.5999999999999996	-36.0	-inf
0.0	3.5999999999999996	-38.0	-inf
0.0	3.5999999999999996	-40.0	-inf
0.0	3.5999999999999996	-42.0	-inf
0.0	3.5999999999999996	-44.0	-inf
0.0	3.5999999999999996	-46.0	-inf
0.0	3.5999999999999996	-48.0	-inf
0.0	3.5999999999999996	-50.0	-inf
0.0	3.7999999999999994	36.0	-inf
0.0	3.7999999999999994	34.0	-inf
0.0	3.7999999999999994	32.0	-inf
0.0	3.7999999999999994	30.0	-13.17642740059597
0.0	3.7999999999999994	28.0	-11.759140323249557
0.0	3.7999999999999994	26.0	-11.54715426059341
0.0	3.7999999999999994	24.0	-11.67303440911795
0.0	3.7999999999999994	22.0	-12.263408792192932
0.0	3.7999999999999994	20.0	-13.23842272400649
0.0	3.7999999999999994	18.0	-14.015265292887065
0.0	3.7999999999999994	16.0	-14.237925367342124
0.0	3.7999999999999994	14.0	-14.853441811229178
0.0	3.7999999999999994	12.0	-15.214504850734269
0.0	3.7999999999999994	10.0	-23.34227832646673
0.0	3.7999999999999994	8.0	-22.344147119980033
0.0	3.7999999999999994	6.0	-20.72936055516015
0.0	3.7999999999999994	4.0	-32.712607473149774
0.0	3.7999999999999994	2.0	-32.04883684071555
0.0	3.7999999999999994	0.0	-35.3459332469789
0.0	3.7999999999999994	-2.0	-33.22002957796687
0.0	3.7999999999999994	-4.0	-34.539983401145406
0.0	3.7999999999999994	-6.0	-37.04656346175953
0.0	3.7999999999999994	-8.0	-35.79392511486351
0.0	3.7999999999999994	-10.0	-38.21294249729971
0.0	3.7999999999999994	-12.0	-42.15102849815814
0.0	3.7999999999999994	-14.0	-40.48572571454847
0.0	3.7999999999999994	-16.0	-41.2161461590379
0.0	3.7999999999999994	-18.0	-36.605030763510484
0.0	3.7999999999999994	-20.0	-41.90252474181106
0.0	3.7999999999999994	-22.0	-42.98493417636171
0.0	3.7999999999999994	-24.0	-inf
0.0	3.7999999999999994	-26.0	-inf
0.0	3.7999999999999994	-28.0	-inf
0.0	3.7999999999999994	-30.0	-inf
0.0	3.7999999999999994	-32.0	-inf
0.0	3.7999999999999994	-34.0	-49.9910401358328
0.0	3.7999999999999994	-36.0	-inf
0.0	3.7999999999999994	-38.0	-inf
0.0	3.7999999999999994	-40.0	-inf
0.0	3.7999999999999994	-42.0	-inf
0.0	3.7999999999999994	-44.0	-inf
0.0	3.7999999999999994	-46.0	-inf
0.0	3.7999999999999994	-48.0	-inf
0.0	3.7999999999999994	-50.0	-inf
0.0	3.999999999999999	36.0	-inf
0.0	3.999999999999999	34.0	-inf
0.0	3.999999999999999	32.0	-inf
0.0	3.999999999999999	30.0	-12.931263313001761
0.0	3.999999999999999	28.0	-11.985794624578217
0.0	3.999999999999999	26.0	-11.784226852771273
0.0	3.999999999999999	24.0	-11.682991121621551
0.0	3.999999999999999	22.0	-13.005294482324501
0.0	3.999999999999999	20.0	-13.49320000185349
0.0	3.999999999999999	18.0	-13.542359202569003
0.0	3.999999999999999	16.0	-15.152719389321993
0.0	3.999999999999999	14.0	-17.105944239402817
0.0	3.999999999999999	12.0	-16.803273288813287
0.0	3.999999999999999	10.0	-16.12487430174347
0.0	3.999999999999999	8.0	-15.15833234514789
0.0	3.999999999999999	6.0	-26.991223335150693
0.0	3.999999999999999	4.0	-23.49114445099993
0.0	3.999999999999999	2.0	-30.274157037296508
0.0	3.999999999999999	0.0	-33.14236818174731
0.0	3.999999999999999	-2.0	-34.76323404997778
0.0	3.999999999999999	-4.0	-38.65667442405769
0.0	3.999999999999999	-6.0	-34.99213715562131
0.0	3.999999999999999	-8.0	-37.714265770865694
0.0	3.999999999999999	-10.0	-39.316442305857294
0.0	3.999999999999999	-12.0	-39.28615166177119
0.0	3.999999999999999	-14.0	-38.06510029328117
0.0	3.999999999999999	-16.0	-38.39882866581852
0.0	3.999999999999999	-18.0	-38.963582292050276
0.0	3.999999999999999	-20.0	-38.43537477869531
0.0	3.999999999999999	-22.0	-inf
0.0	3.999999999999999	-24.0	-inf
0.0	3.999999999999999	-26.0	-inf
0.0	3.999999999999999	-28.0	-42.92615384067392
0.0	3.999999999999999	-30.0	-inf
0.0	3.999999999999999	-32.0	-inf
0.0	3.999999999999999	-34.0	-inf
0.0	3.999999999999999	-36.0	-inf
0.0	3.999999999999999	-38.0	-inf
0.0	3.999999999999999	-40.0	-inf
0.0	3.999999999999999	-42.0	-inf
0.0	3.999999999999999	-44.0	-inf
0.0	3.999999999999999	-46.0	-inf
0.0	3.999999999999999	-48.0	-inf
0.0	3.999999999999999	-50.0	-inf
0.0	4.199999999999999	36.0	-inf
0.0	4.199999999999999	34.0	-inf
0.0	4.199999999999999	32.0	-inf
0.0	4.199999999999999	30.0	-12.83181005450821
0.0	4.199999999999999	28.0	-11.804598363227765
0.0	4.199999999999999	26.0	-11.914866735210596
0.0	4.199999999999999	24.0	-12.470615805396994
0.0	4.199999999999999	22.0	-13.122420421185817
0.0	4.199999999999999	20.0	-14.333666967298413
0.0	4.199999999999999	18.0	-14.03879879356387
0.0	4.199999999999999	16.0	-15.493226753357094
0.0	4.199999999999999	14.0	-15.608905336845833
0.0	4.199999999999999	12.0	-19.212775313956282
0.0	4.199999999999999	10.0	-22.794835514336707
0.0	4.199999999999999	8.0	-27.605507025496024
0.0	4.199999999999999	6.0	-29.999849074336268
0.0	4.199999999999999	4.0	-23.426668603990784
0.0	4.199999999999999	2.0	-27.94568982337865
0.0	4.199999999999999	0.0	-30.744450439752413
0.0	4.199999999999999	-2.0	-32.22837388750138
0.0	4.199999999999999	-4.0	-34.87375525685615
0.0	4.199999999999999	-6.0	-36.14075691804443
0.0	4.199999999999999	-8.0	-37.01221868313278
0.0	4.199999999999999	-10.0	-35.452296087764736
0.0	4.199999999999999	-12.0	-41.53097587777803
0.0	4.199999999999999	-14.0	-39.096641980802914
0.0	4.199999999999999	-16.0	-42.18691239385424
0.0	4.199999999999999	-18.0	-42.27251405782024
0.0	4.199999999999999	-20.0	-inf
0.0	4.199999999999999	-22.0	-inf
0.0	4.199999999999999	-24.0	-inf
0.0	4.199999999999999	-26.0	-inf
0.0	4.199999999999999	-28.0	-inf
0.0	4.199999999999999	-30.0	-44.05988169007489
0.0	4.199999999999999	-32.0	-inf
0.0	4.199999999999999	-34.0	-inf
0.0	4.199999999999999	-36.0	-inf
0.0	4.199999999999999	-38.0	-inf
0.0	4.199999999999999	-40.0	-inf
0.0	4.199999999999999	-42.0	-inf
0.0	4.199999999999999	-44.0	-inf
0.0	4.199999999999999	-46.0	-inf
0.0	4.199999999999999	-48.0	-inf
0.0	4.199999999999999	-50.0	-inf
0.0	4.3999999999999995	36.0	-19.438376525757654
0.0	4.3999999999999995	34.0	-inf
0.0	4.3999999999999995	32.0	-inf
0.0	4.3999999999999995	30.0	-12.600795958943387
0.0	4.3999999999999995	28.0	-11.892652003617838
0.0	4.3999999999999995	26.0	-11.932028238507545
0.0	4.3999999999999995	24.0	-12.550856158219906
0.0	4.3999999999999995	22.0	-12.960542086324336
0.0	4.3999999999999995	20.0	-14.347646779881456
0.0	4.3999999999999995	18.0	-15.061577877860318
0.0	4.3999999999999995	16.0	-16.755223360103916
0.0	4.3999999999999995	14.0	-15.877723335641363
0.0	4.3999999999999995	12.0	-26.0118017650996
0.0	4.3999999999999995	10.0	-23.328571778117407
0.0	4.3999999999999995	8.0	-28.360063183945854
0.0	4.3999999999999995	6.0	-23.673157728469977
0.0	4.3999999999999995	4.0	-31.956801568153388
0.0	4.3999999999999995	2.0	-30.407366035351
0.0	4.3999999999999995	0.0	-31.594405206052482
0.0	4.3999999999999995	-2.0	-34.2654172230759
0.0	4.3999999999999995	-4.0	-33.42833104678036
0.0	4.3999999999999995	-6.0	-34.11819889966618
0.0	4.3999999999999995	-8.0	-37.0156465722932
0.0	4.3999999999999995	-10.0	-32.24446368632805
0.0	4.3999999999999995	-12.0	-35.91894714475087
0.0	4.3999999999999995	-14.0	-inf
0.0	4.3999999999999995	-16.0	-19.550796822632186
0.0	4.3999999999999995	-18.0	-38.91340825706381
0.0	4.3999999999999995	-20.0	-inf
0.0	4.3999999999999995	-22.0	-inf
0.0	4.3999999999999995	-24.0	-inf
0.0	4.3999999999999995	-26.0	-inf
0.0	4.3999999999999995	-28.0	-inf
0.0	4.3999999999999995	-30.0	-inf
0.0	4.3999999999999995	-32.0	-inf
0.0	4.3999999999999995	-34.0	-inf
0.0	4.3999999999999995	-36.0	-inf
0.0	4.3999999999999995	-38.0	-inf
0.0	4.3999999999999995	-40.0	-inf
0.0	4.3999999999999995	-42.0	-inf
0.0	4.3999999999999995	-44.0	-inf
0.0	4.3999999999999995	-46.0	-inf
0.0	4.3999999999999995	-48.0	-inf
0.0	4.3999999999999995	-50.0	-inf
0.0	4.6	36.0	-inf
0.0	4.6	34.0	-inf
0.0	4.6	32.0	-inf
0.0	4.6	30.0	-13.235453386663067
0.0	4.6	28.0	-11.972858188578659
0.0	4.6	26.0	-11.911587127944712
0.0	4.6	24.0	-12.640945307104296
0.0	4.6	22.0	-13.969897844623263
0.0	4.6	20.0	-13.818388493006623
0.0	4.6	18.0	-15.908571970086895
0.0	4.6	16.0	-15.492491101008289
0.0	4.6	14.0	-19.382066411508475
0.0	4.6	12.0	-25.647228903140586
0.0	4.6	10.0	-28.852705286612288
0.0	4.6	8.0	-25.04205318905832
0.0	4.6	6.0	-32.107348726357735
0.0	4.6	4.0	-25.48090488910721
0.0	4.6	2.0	-30.51637640084042
0.0	4.6	0.0	-31.693782579679496
0.0	4.6	-2.0	-31.005117200683305
0.0	4.6	-4.0	-33.11931830315095
0.0	4.6	-6.0	-34.186339425180776
0.0	4.6	-8.0	-35.98580387978445
0.0	4.6	-10.0	-34.50020735194594
0.0	4.6	-12.0	-38.034721756521705
0.0	4.6	-14.0	-40.02062529666575
0.0	4.6	-16.0	-37.81188296682009
0.0	4.6	-18.0	-inf
0.0	4.6	-20.0	-inf
0.0	4.6	-22.0	-inf
0.0	4.6	-24.0	-inf
0.0	4.6	-26.0	-inf
0.0	4.6	-28.0	-inf
0.0	4.6	-30.0	-inf
0.0	4.6	-32.0	-inf
0.0	4.6	-34.0	-inf
0.0	4.6	-36.0	-inf
0.0	4.6	-38.0	-inf
0.0	4.6	-40.0	-inf
0.0	4.6	-42.0	-inf
0.0	4.6	-44.0	-inf
0.0	4.6	-46.0	-inf
0.0	4.6	-48.0	-inf
0.0	4.6	-50.0	-inf
0.0	4.799999999999999	36.0	-19.237495229688896
0.0	4.799999999999999	34.0	-inf
0.0	4.799999999999999	32.0	-inf
0.0	4.799999999999999	30.0	-13.264658706051328
0.0	4.799999999999999	28.0	-12.062649532286507
0.0	4.799999999999999	26.0	-12.109631989159336
0.0	4.799999999999999	24.0	-12.961856586716111
0.0	4.799999999999999	22.0	-14.094578750274238
0.0	4.799999999999999	20.0	-16.46499367242978
0.0	4.799999999999999	18.0	-17.026991145978748
0.0	4.799999999999999	16.0	-16.433463161870645
0.0	4.799999999999999	14.0	-18.709729375148836
0.0	4.799999999999999	12.0	-26.444135177460133
0.0	4.799999999999999	10.0	-21.805667776405656
0.0	4.799999999999999	8.0	-29.905976105577533
0.0	4.799999999999999	6.0	-31.160879298559195
0.0	4.799999999999999	4.0	-29.261457651531305
0.0	4.799999999999999	2.0	-31.665418554344722
0.0	4.799999999999999	0.0	-33.86722727570266
0.0	4.799999999999999	-2.0	-25.544665095264648
0.0	4.799999999999999	-4.0	-34.533527333991444
0.0	4.799999999999999	-6.0	-34.03972253574442
0.0	4.799999999999999	-8.0	-33.942126779378675
0.0	4.799999999999999	-10.0	-35.183874174490626
0.0	4.799999999999999	-12.0	-35.433523577508886
0.0	4.799999999999999	-14.0	-inf
0.0	4.799999999999999	-16.0	-inf
0.0	4.799999999999999	-18.0	-inf
0.0	4.799999999999999	-20.0	-inf
0.0	4.799999999999999	-22.0	-inf
0.0	4.799999999999999	-24.0	-inf
0.0	4.799999999999999	-26.0	-inf
0.0	4.799999999999999	-28.0	-inf
0.0	4.799999999999999	-30.0	-inf
0.0	4.799999999999999	-32.0	-inf
0.0	4.799999999999999	-34.0	-inf
0.0	4.799999999999999	-36.0	-inf
0.0	4.799999999999999	-38.0	-inf
0.0	4.799999999999999	-40.0	-inf
0.0	4.799999999999999	-42.0	-inf
0.0	4.799999999999999	-44.0	-inf
0.0	4.799999999999999	-46.0	-inf
0.0	4.799999999999999	-48.0	-inf
0.0	4.799999999999999	-50.0	-inf
0.0	4.999999999999999	36.0	-14.482116325966018
0.0	4.999999999999999	34.0	-inf
0.0	4.999999999999999	32.0	-19.354667487385232
0.0	4.999999999999999	30.0	-12.573779136301356
0.0	4.999999999999999	28.0	-12.151560353439342
0.0	4.999999999999999	26.0	-12.48945785032998
0.0	4.999999999999999	24.0	-12.992392036735321
0.0	4.999999999999999	22.0	-13.676823286098449
0.0	4.999999999999999	20.0	-14.0884093267922
0.0	4.999999999999999	18.0	-16.906968640457507
0.0	4.999999999999999	16.0	-18.493388786365774
0.0	4.999999999999999	14.0	-16.415316965068108
0.0	4.999999999999999	12.0	-22.416839402424678
0.0	4.999999999999999	10.0	-19.65659804272602
0.0	4.999999999999999	8.0	-27.91145860416819
0.0	4.999999999999999	6.0	-24.28484168371017
0.0	4.999999999999999	4.0	-31.775853263441757
0.0	4.999999999999999	2.0	-29.890070751624652
0.0	4.999999999999999	0.0	-32.771220922541204
0.0	4.999999999999999	-2.0	-32.696725305598996
0.0	4.999999999999999	-4.0	-35.75864755965441
0.0	4.999999999999999	-6.0	-32.85064697645835
0.0	4.999999999999999	-8.0	-33.49699612639348
0.0	4.999999999999999	-10.0	-35.268290292216435
0.0	4.999999999999999	-12.0	-33.43428765961765
0.0	4.999999999999999	-14.0	-inf
0.0	4.999999999999999	-16.0	-inf
0.0	4.999999999999999	-18.0	-inf
0.0	4.999999999999999	-20.0	-inf
0.0	4.999999999999999	-22.0	-inf
0.0	4.999999999999999	-24.0	-inf
0.0	4.999999999999999	-26.0	-inf
0.0	4.999999999999999	-28.0	-inf
0.0	4.999999999999999	-30.0	-inf
0.0	4.999999999999999	-32.0	-inf
0.0	4.999999999999999	-34.0	-inf
0.0	4.999999999999999	-36.0	-inf
0.0	4.999999999999999	-38.0	-inf
0.0	4.999999999999999	-40.0	-inf
0.0	4.999999999999999	-42.0	-inf
0.0	4.999999999999999	-44.0	-inf
0.0	4.999999999999999	-46.0	-inf
0.0	4.999999999999999	-48.0	-inf
0.0	4.999999999999999	-50.0	-inf
0.0	5.199999999999999	36.0	-16.566300966953865
0.0	5.199999999999999	34.0	-inf
0.0	5.199999999999999	32.0	-16.530743280177912
0.0	5.199999999999999	30.0	-12.564267499617712
0.0	5.199999999999999	28.0	-12.041497362266979
0.0	5.199999999999999	26.0	-12.875636096379624
0.0	5.199999999999999	24.0	-13.596249145446452
0.0	5.199999999999999	22.0	-13.93883406026157
0.0	5.199999999999999	20.0	-17.273852095942235
0.0	5.199999999999999	18.0	-14.482619347049564
0.0	5.199999999999999	16.0	-16.068246648857297
0.0	5.199999999999999	14.0	-17.1833477956496
0.0	5.199999999999999	12.0	-27.41079841666602
0.0	5.199999999999999	10.0	-29.35150002895636
0.0	5.199999999999999	8.0	-28.466459443298184
0.0	5.199999999999999	6.0	-28.429083939239806
0.0	5.199999999999999	4.0	-30.4761202551412
0.0	5.199999999999999	2.0	-32.5639118478673
0.0	5.199999999999999	0.0	-31.681441511683737
0.0	5.199999999999999	-2.0	-30.908030957443383
0.0	5.199999999999999	-4.0	-32.03066389713925
0.0	5.199999999999999	-6.0	-32.8308135655822
0.0	5.199999999999999	-8.0	-inf
0.0	5.199999999999999	-10.0	-32.097296758735745
0.0	5.199999999999999	-12.0	-inf
0.0	5.199999999999999	-14.0	-36.02330576890919
0.0	5.199999999999999	-16.0	-inf
0.0	5.199999999999999	-18.0	-inf
0.0	5.199999999999999	-20.0	-inf
0.0	5.199999999999999	-22.0	-inf
0.0	5.199999999999999	-24.0	-inf
0.0	5.199999999999999	-26.0	-inf
0.0	5.199999999999999	-28.0	-inf
0.0	5.199999999999999	-30.0	-inf
0.0	5.199999999999999	-32.0	-inf
0.0	5.199999999999999	-34.0	-inf
0.0	5.199999999999999	-36.0	-inf
0.0	5.199999999999999	-38.0	-inf
0.0	5.199999999999999	-40.0	-inf
0.0	5.199999999999999	-42.0	-inf
0.0	5.199999999999999	-44.0	-inf
0.0	5.199999999999999	-46.0	-inf
0.0	5.199999999999999	-48.0	-inf
0.0	5.199999999999999	-50.0	-inf
0.0	5.399999999999999	36.0	-13.522699273743331
0.0	5.399999999999999	34.0	-inf
0.0	5.399999999999999	32.0	-inf
0.0	5.399999999999999	30.0	-12.97080226353869
0.0	5.399999999999999	28.0	-12.255177407145155
0.0	5.399999999999999	26.0	-13.091974387334469
0.0	5.399999999999999	24.0	-13.50159795421494
0.0	5.399999999999999	22.0	-14.48143965815583
0.0	5.399999999999999	20.0	-14.766791392040828
0.0	5.399999999999999	18.0	-18.543315382343245
0.0	5.399999999999999	16.0	-20.814035989829097
0.0	5.399999999999999	14.0	-24.84327995009591
0.0	5.399999999999999	12.0	-17.367805380842327
0.0	5.399999999999999	10.0	-29.439474045519198
0.0	5.399999999999999	8.0	-30.994003317771714
0.0	5.399999999999999	6.0	-28.421638660031412
0.0	5.399999999999999	4.0	-29.84899957826144
0.0	5.399999999999999	2.0	-30.532258290118218
0.0	5.399999999999999	0.0	-28.196947999213613
0.0	5.399999999999999	-2.0	-30.935786387945456
0.0	5.399999999999999	-4.0	-30.70431961748666
0.0	5.399999999999999	-6.0	-32.21742518963623
0.0	5.399999999999999	-8.0	-29.47680867684339
0.0	5.399999999999999	-10.0	-inf
0.0	5.399999999999999	-12.0	-30.837604886902394
0.0	5.399999999999999	-14.0	-inf
0.0	5.399999999999999	-16.0	-inf
0.0	5.399999999999999	-18.0	-inf
0.0	5.399999999999999	-20.0	-inf
0.0	5.399999999999999	-22.0	-inf
0.0	5.399999999999999	-24.0	-inf
0.0	5.399999999999999	-26.0	-inf
0.0	5.399999999999999	-28.0	-inf
0.0	5.399999999999999	-30.0	-inf
0.0	5.399999999999999	-32.0	-inf
0.0	5.399999999999999	-34.0	-inf
0.0	5.399999999999999	-36.0	-inf
0.0	5.399999999999999	-38.0	-inf
0.0	5.399999999999999	-40.0	-inf
0.0	5.399999999999999	-42.0	-inf
0.0	5.399999999999999	-44.0	-inf
0.0	5.399999999999999	-46.0	-inf
0.0	5.399999999999999	-48.0	-inf
0.0	5.399999999999999	-50.0	-inf
0.0	5.599999999999999	36.0	-14.408718387109065
0.0	5.599999999999999	34.0	-inf
0.0	5.599999999999999	32.0	-16.185642381232075
0.0	5.599999999999999	30.0	-12.646486927853676
0.0	5.599999999999999	28.0	-12.480867458138556
0.0	5.599999999999999	26.0	-12.931217760551485
0.0	5.599999999999999	24.0	-13.774958270877415
0.0	5.599999999999999	22.0	-14.968866100772216
0.0	5.599999999999999	20.0	-16.499840182253266
0.0	5.599999999999999	18.0	-17.23932714531817
0.0	5.599999999999999	16.0	-17.28951720595448
0.0	5.599999999999999	14.0	-19.78850818891263
0.0	5.599999999999999	12.0	-22.123853386338528
0.0	5.599999999999999	10.0	-26.37908789578705
0.0	5.599999999999999	8.0	-28.462040847283653
0.0	5.599999999999999	6.0	-26.102323935217086
0.0	5.599999999999999	4.0	-28.016656454331947
0.0	5.599999999999999	2.0	-29.139826923516278
0.0	5.599999999999999	0.0	-28.344381238704617
0.0	5.599999999999999	-2.0	-31.093084761235247
0.0	5.599999999999999	-4.0	-30.042784936534034
0.0	5.599999999999999	-6.0	-30.510900363289483
0.0	5.599999999999999	-8.0	-34.553828038781226
0.0	5.599999999999999	-10.0	-33.91360754375326
0.0	5.599999999999999	-12.0	-inf
0.0	5.599999999999999	-14.0	-42.312501245295664
0.0	5.599999999999999	-16.0	-inf
0.0	5.599999999999999	-18.0	-inf
0.0	5.599999999999999	-20.0	-inf
0.0	5.599999999999999	-22.0	-inf
0.0	5.599999999999999	-24.0	-inf
0.0	5.599999999999999	-26.0	-inf
0.0	5.599999999999999	-28.0	-inf
0.0	5.599999999999999	-30.0	-inf
0.0	5.599999999999999	-32.0	-inf
0.0	5.599999999999999	-34.0	-inf
0.0	5.599999999999999	-36.0	-inf
0.0	5.599999999999999	-38.0	-inf
0.0	5.599999999999999	-40.0	-inf
0.0	5.599999999999999	-42.0	-inf
0.0	5.599999999999999	-44.0	-inf
0.0	5.599999999999999	-46.0	-inf
0.0	5.599999999999999	-48.0	-inf
0.0	5.599999999999999	-50.0	-inf
0.0	5.799999999999999	36.0	-14.438515074828729
0.0	5.799999999999999	34.0	-inf
0.0	5.799999999999999	32.0	-inf
0.0	5.799999999999999	30.0	-12.615770266073188
0.0	5.799999999999999	28.0	-12.289417099898959
0.0	5.799999999999999	26.0	-13.442902134367108
0.0	5.799999999999999	24.0	-14.512532667852476
0.0	5.799999999999999	22.0	-14.688661424655981
0.0	5.799999999999999	20.0	-15.729277163649227
0.0	5.799999999999999	18.0	-19.751896958357694
0.0	5.799999999999999	16.0	-19.09319624317963
0.0	5.799999999999999	14.0	-21.075164125851053
0.0	5.799999999999999	12.0	-22.103942704886734
0.0	5.799999999999999	10.0	-18.87622892057153
0.0	5.799999999999999	8.0	-26.410375429620156
0.0	5.799999999999999	6.0	-28.99116929040497
0.0	5.799999999999999	4.0	-30.629154414508534
0.0	5.799999999999999	2.0	-26.094679386357697
0.0	5.799999999999999	0.0	-29.90114521796857
0.0	5.799999999999999	-2.0	-28.85943457568431
0.0	5.799999999999999	-4.0	-31.568491120283696
0.0	5.799999999999999	-6.0	-31.600435606226338
0.0	5.799999999999999	-8.0	-inf
0.0	5.799999999999999	-10.0	-inf
0.0	5.799999999999999	-12.0	-36.15344161680483
0.0	5.799999999999999	-14.0	-inf
0.0	5.799999999999999	-16.0	-inf
0.0	5.799999999999999	-18.0	-inf
0.0	5.799999999999999	-20.0	-inf
0.0	5.799999999999999	-22.0	-inf
0.0	5.799999999999999	-24.0	-inf
0.0	5.799999999999999	-26.0	-inf
0.0	5.799999999999999	-28.0	-inf
0.0	5.799999999999999	-30.0	-inf
0.0	5.799999999999999	-32.0	-inf
0.0	5.799999999999999	-34.0	-inf
0.0	5.799999999999999	-36.0	-inf
0.0	5.799999999999999	-38.0	-inf
0.0	5.799999999999999	-40.0	-inf
0.0	5.799999999999999	-42.0	-inf
0.0	5.799999999999999	-44.0	-inf
0.0	5.799999999999999	-46.0	-inf
0.0	5.799999999999999	-48.0	-inf
0.0	5.799999999999999	-50.0	-inf
0.0	5.999999999999999	36.0	-inf
0.0	5.999999999999999	34.0	-inf
0.0	5.999999999999999	32.0	-16.05231167775827
0.0	5.999999999999999	30.0	-12.429107989034986
0.0	5.999999999999999	28.0	-12.590170185138714
0.0	5.999999999999999	26.0	-13.325797867805024
0.0	5.999999999999999	24.0	-14.445307562232419
0.0	5.999999999999999	22.0	-14.35262099655357
0.0	5.999999999999999	20.0	-17.374683424500684
0.0	5.999999999999999	18.0	-18.69307949586292
0.0	5.999999999999999	16.0	-18.774402642242652
0.0	5.999999999999999	14.0	-19.042391760857996
0.0	5.999999999999999	12.0	-26.697310300885746
0.0	5.999999999999999	10.0	-26.815882231612882
0.0	5.999999999999999	8.0	-28.571660019686448
0.0	5.999999999999999	6.0	-24.03395708193112
0.0	5.999999999999999	4.0	-27.167089132418596
0.0	5.999999999999999	2.0	-26.539870782388086
0.0	5.999999999999999	0.0	-28.027616472085008
0.0	5.999999999999999	-2.0	-28.28192720292523
0.0	5.999999999999999	-4.0	-28.865360670042193
0.0	5.999999999999999	-6.0	-30.832140940170948
0.0	5.999999999999999	-8.0	-35.85192982897598
0.0	5.999999999999999	-10.0	-inf
0.0	5.999999999999999	-12.0	-inf
0.0	5.999999999999999	-14.0	-inf
0.0	5.999999999999999	-16.0	-38.778330276004375
0.0	5.999999999999999	-18.0	-inf
0.0	5.999999999999999	-20.0	-inf
0.0	5.999999999999999	-22.0	-inf
0.0	5.999999999999999	-24.0	-inf
0.0	5.999999999999999	-26.0	-inf
0.0	5.999999999999999	-28.0	-inf
0.0	5.999999999999999	-30.0	-inf
0.0	5.999999999999999	-32.0	-inf
0.0	5.999999999999999	-34.0	-inf
0.0	5.999999999999999	-36.0	-inf
0.0	5.999999999999999	-38.0	-inf
0.0	5.999999999999999	-40.0	-inf
0.0	5.999999999999999	-42.0	-inf
0.0	5.999999999999999	-44.0	-inf
0.0	5.999999999999999	-46.0	-inf
0.0	5.999999999999999	-48.0	-inf
0.0	5.999999999999999	-50.0	-inf
