	t	genotype	recovered_window
0	39.0	0.0	40.0
1	39.2	15.0	40.0
2	38.2	14.0	40.0
3	36.1	0.0	40.0
4	37.2	4.0	40.0
5	39.4	10.0	40.0
6	38.2	5.0	40.0
7	38.1	4.0	40.0
8	38.7	0.0	40.0
9	37.4	5.0	40.0
10	39.1	0.0	40.0
11	36.7	10.0	40.0
12	39.4	0.0	40.0
13	36.8	0.0	40.0
14	37.7	5.0	40.0
15	38.0	0.0	40.0
16	37.3	0.0	40.0
17	38.1	17.0	40.0
18	40.0	4.0	40.0
19	39.6	0.0	40.0
20	38.6	0.0	40.0
21	37.7	0.0	40.0
22	40.0	11.0	40.0
23	38.8	16.0	40.0
24	39.0	17.0	40.0
25	39.4	4.0	40.0
26	39.5	0.0	40.0
27	37.6	0.0	40.0
28	38.5	16.0	40.0
29	36.9	0.0	40.0
30	39.8	28.0	40.0
31	37.3	0.0	40.0
32	38.5	15.0	40.0
33	39.5	16.0	40.0
34	39.2	10.0	40.0
35	38.4	11.0	40.0
36	38.8	5.0	40.0
37	37.9	0.0	40.0
38	38.2	0.0	40.0
39	37.9	0.0	40.0
0	43.6	38.0	44.0
1	40.5	4.0	44.0
2	40.1	5.0	44.0
3	41.4	16.0	44.0
4	43.9	18.0	44.0
5	42.0	27.0	44.0
6	43.0	0.0	44.0
7	42.2	4.0	44.0
8	41.1	0.0	44.0
9	42.5	22.0	44.0
10	42.7	0.0	44.0
11	42.3	29.0	44.0
12	41.1	16.0	44.0
13	41.8	4.0	44.0
14	40.4	0.0	44.0
15	42.0	16.0	44.0
16	43.9	0.0	44.0
17	41.9	0.0	44.0
18	43.8	16.0	44.0
19	41.5	0.0	44.0
20	40.3	0.0	44.0
21	40.4	5.0	44.0
22	43.0	0.0	44.0
23	40.5	0.0	44.0
24	43.7	32.0	44.0
25	41.9	28.0	44.0
26	43.2	26.0	44.0
27	41.8	16.0	44.0
28	42.4	31.0	44.0
29	43.0	0.0	44.0
30	43.6	30.0	44.0
31	43.0	0.0	44.0
32	42.8	14.0	44.0
33	42.4	0.0	44.0
34	44.0	4.0	44.0
35	41.5	0.0	44.0
36	43.8	26.0	44.0
37	41.2	25.0	44.0
38	43.8	16.0	44.0
39	41.9	10.0	44.0
0	45.8	4.0	48.0
1	46.4	16.0	48.0
2	46.3	4.0	48.0
3	46.2	4.0	48.0
4	45.1	0.0	48.0
5	45.2	0.0	48.0
6	46.1	22.0	48.0
7	46.9	0.0	48.0
8	47.4	62.0	48.0
9	46.7	23.0	48.0
10	47.7	0.0	48.0
11	47.9	26.0	48.0
12	47.2	16.0	48.0
13	47.6	26.0	48.0
14	46.6	15.0	48.0
15	46.4	4.0	48.0
16	47.1	0.0	48.0
17	46.2	26.0	48.0
18	47.5	4.0	48.0
19	46.4	58.0	48.0
20	46.6	29.0	48.0
21	44.9	9.0	48.0
22	45.5	0.0	48.0
23	47.3	0.0	48.0
24	47.8	22.0	48.0
25	47.3	23.0	48.0
26	45.2	0.0	48.0
27	45.6	18.0	48.0
28	46.1	48.0	48.0
29	46.8	0.0	48.0
30	45.6	52.0	48.0
31	47.6	0.0	48.0
32	47.6	61.0	48.0
33	46.0	16.0	48.0
34	47.6	63.0	48.0
35	45.3	0.0	48.0
36	47.3	4.0	48.0
37	45.6	9.0	48.0
38	46.0	24.0	48.0
39	46.4	16.0	48.0
0	51.9	111.0	52.0
1	48.8	19.0	52.0
2	48.1	27.0	52.0
3	48.1	19.0	52.0
4	49.0	68.0	52.0
5	51.9	107.0	52.0
6	48.5	0.0	52.0
7	48.5	26.0	52.0
8	51.9	16.0	52.0
9	50.1	15.0	52.0
10	50.9	16.0	52.0
11	50.7	0.0	52.0
12	51.3	91.0	52.0
13	50.0	23.0	52.0
14	50.8	0.0	52.0
15	51.2	16.0	52.0
16	50.3	4.0	52.0
17	51.9	44.0	52.0
18	50.9	23.0	52.0
19	51.4	97.0	52.0
20	51.0	0.0	52.0
21	51.6	0.0	52.0
22	50.6	69.0	52.0
23	49.0	15.0	52.0
24	51.4	59.0	52.0
25	50.4	0.0	52.0
26	49.2	19.0	52.0
27	49.9	4.0	52.0
28	50.8	22.0	52.0
29	51.6	14.0	52.0
30	51.5	26.0	52.0
31	51.8	83.0	52.0
32	48.9	59.0	52.0
33	48.9	47.0	52.0
34	50.2	44.0	52.0
35	48.2	23.0	52.0
36	49.9	79.0	52.0
37	50.7	0.0	52.0
38	51.0	15.0	52.0
39	50.2	16.0	52.0
0	55.7	23.0	56.0
1	53.4	16.0	56.0
2	52.1	14.0	56.0
3	55.2	89.0	56.0
4	56.0	16.0	56.0
5	53.6	23.0	56.0
6	52.5	4.0	56.0
7	53.9	4.0	56.0
8	55.1	56.0	56.0
9	55.8	110.0	56.0
10	52.5	0.0	56.0
11	55.4	57.0	56.0
12	55.5	23.0	56.0
13	54.7	23.0	56.0
14	53.9	4.0	56.0
15	55.8	16.0	56.0
16	54.4	62.0	56.0
17	55.7	14.0	56.0
18	54.7	87.0	56.0
19	55.7	4.0	56.0
20	54.5	79.0	56.0
21	54.2	105.0	56.0
22	52.3	101.0	56.0
23	53.0	23.0	56.0
24	53.3	23.0	56.0
25	54.4	104.0	56.0
26	52.2	16.0	56.0
27	52.9	116.0	56.0
28	54.0	72.0	56.0
29	52.4	36.0	56.0
30	55.6	57.0	56.0
31	55.4	0.0	56.0
32	55.7	135.0	56.0
33	52.1	92.0	56.0
34	54.3	0.0	56.0
35	54.6	140.0	56.0
36	54.2	36.0	56.0
37	53.8	15.0	56.0
38	55.0	15.0	56.0
39	55.4	71.0	56.0
0	58.9	198.0	60.0
1	57.5	4.0	60.0
2	56.7	123.0	60.0
3	57.9	184.0	60.0
4	56.6	26.0	60.0
5	59.1	14.0	60.0
6	58.3	23.0	60.0
7	56.1	26.0	60.0
8	57.5	16.0	60.0
9	57.8	15.0	60.0
10	56.4	4.0	60.0
11	59.2	16.0	60.0
12	57.8	169.0	60.0
13	57.6	22.0	60.0
14	59.6	126.0	60.0
15	58.8	66.0	60.0
16	56.9	142.0	60.0
17	57.4	134.0	60.0
18	59.8	66.0	60.0
19	56.3	143.0	60.0
20	58.0	64.0	60.0
21	59.0	0.0	60.0
22	59.6	153.0	60.0
23	56.7	14.0	60.0
24	57.1	23.0	60.0
25	57.0	0.0	60.0
26	58.0	138.0	60.0
27	59.7	139.0	60.0
28	57.7	0.0	60.0
29	56.9	149.0	60.0
30	56.3	67.0	60.0
31	57.4	89.0	60.0
32	58.9	66.0	60.0
33	57.8	156.0	60.0
34	57.2	171.0	60.0
35	57.3	0.0	60.0
36	58.9	22.0	60.0
37	58.6	0.0	60.0
38	57.1	61.0	60.0
39	56.5	23.0	60.0
0	60.4	16.0	64.0
1	63.4	155.0	64.0
2	63.4	79.0	64.0
3	62.0	26.0	64.0
4	60.7	178.0	64.0
5	60.3	14.0	64.0
6	60.9	64.0	64.0
7	63.4	159.0	64.0
8	63.0	142.0	64.0
9	62.8	111.0	64.0
10	63.0	59.0	64.0
11	62.3	132.0	64.0
12	63.5	117.0	64.0
13	63.6	23.0	64.0
14	62.9	142.0	64.0
15	61.5	22.0	64.0
16	61.2	15.0	64.0
17	61.6	26.0	64.0
18	62.4	15.0	64.0
19	63.9	26.0	64.0
20	60.8	4.0	64.0
21	63.5	0.0	64.0
22	60.7	4.0	64.0
23	62.8	104.0	64.0
24	63.6	14.0	64.0
25	61.2	200.0	64.0
26	61.8	15.0	64.0
27	63.4	253.0	64.0
28	61.9	26.0	64.0
29	60.5	23.0	64.0
30	63.1	119.0	64.0
31	60.6	23.0	64.0
32	61.8	172.0	64.0
33	60.2	16.0	64.0
34	63.3	24.0	64.0
35	60.7	4.0	64.0
36	60.2	132.0	64.0
37	63.9	113.0	64.0
38	62.8	4.0	64.0
39	60.1	172.0	64.0
0	65.0	119.0	68.0
1	64.5	247.0	68.0
2	64.8	16.0	68.0
3	64.1	26.0	68.0
4	64.8	119.0	68.0
5	66.5	265.0	68.0
6	67.3	205.0	68.0
7	66.1	111.0	68.0
8	66.7	16.0	68.0
9	64.6	16.0	68.0
10	66.9	23.0	68.0
11	66.9	178.0	68.0
12	67.3	104.0	68.0
13	64.6	192.0	68.0
14	67.8	67.0	68.0
15	66.7	36.0	68.0
16	66.7	146.0	68.0
17	64.8	0.0	68.0
18	66.7	0.0	68.0
19	64.6	113.0	68.0
20	65.3	333.0	68.0
21	66.0	367.0	68.0
22	67.3	201.0	68.0
23	66.7	16.0	68.0
24	67.7	4.0	68.0
25	66.6	205.0	68.0
26	65.4	15.0	68.0
27	65.9	128.0	68.0
28	65.0	4.0	68.0
29	67.5	113.0	68.0
30	67.3	287.0	68.0
31	65.2	127.0	68.0
32	67.5	249.0	68.0
33	64.3	231.0	68.0
34	65.0	24.0	68.0
35	64.8	0.0	68.0
36	65.3	60.0	68.0
37	67.7	16.0	68.0
38	65.4	196.0	68.0
39	65.4	210.0	68.0
0	71.0	115.0	72.0
1	71.9	59.0	72.0
2	68.9	438.0	72.0
3	69.3	477.0	72.0
4	71.6	4.0	72.0
5	68.4	26.0	72.0
6	69.6	4.0	72.0
7	71.8	4.0	72.0
8	71.0	26.0	72.0
9	69.2	484.0	72.0
10	70.6	197.0	72.0
11	71.5	104.0	72.0
12	69.2	172.0	72.0
13	69.7	292.0	72.0
14	69.1	69.0	72.0
15	68.4	4.0	72.0
16	69.7	16.0	72.0
17	69.0	117.0	72.0
18	71.5	253.0	72.0
19	69.4	201.0	72.0
20	68.7	119.0	72.0
21	71.5	393.0	72.0
22	71.8	66.0	72.0
23	72.0	475.0	72.0
24	70.2	4.0	72.0
25	70.5	298.0	72.0
26	68.1	266.0	72.0
27	71.5	87.0	72.0
28	69.7	59.0	72.0
29	70.9	441.0	72.0
30	69.2	210.0	72.0
31	71.0	0.0	72.0
32	71.7	409.0	72.0
33	70.8	201.0	72.0
34	68.6	186.0	72.0
35	71.3	218.0	72.0
36	71.6	197.0	72.0
37	68.4	369.0	72.0
38	69.0	57.0	72.0
39	69.6	475.0	72.0
0	73.8	707.0	76.0
1	75.5	849.0	76.0
2	74.9	0.0	76.0
3	76.0	848.0	76.0
4	75.2	551.0	76.0
5	74.8	286.0	76.0
6	73.6	291.0	76.0
7	73.5	462.0	76.0
8	74.8	356.0	76.0
9	73.6	196.0	76.0
10	74.7	9.0	76.0
11	75.8	111.0	76.0
12	73.0	228.0	76.0
13	73.3	479.0	76.0
14	73.2	562.0	76.0
15	74.7	255.0	76.0
16	74.3	658.0	76.0
17	72.4	14.0	76.0
18	74.5	250.0	76.0
19	75.2	201.0	76.0
20	74.0	4.0	76.0
21	73.1	652.0	76.0
22	74.7	0.0	76.0
23	74.6	26.0	76.0
24	73.0	0.0	76.0
25	75.2	415.0	76.0
26	75.0	479.0	76.0
27	75.8	16.0	76.0
28	72.9	64.0	76.0
29	76.0	0.0	76.0
30	73.7	123.0	76.0
31	72.7	629.0	76.0
32	73.8	201.0	76.0
33	72.1	26.0	76.0
34	74.1	437.0	76.0
35	72.7	659.0	76.0
36	75.4	0.0	76.0
37	72.7	36.0	76.0
38	75.0	263.0	76.0
39	74.8	123.0	76.0
0	78.8	4.0	80.0
1	77.3	1080.0	80.0
2	77.8	60.0	80.0
3	78.3	14.0	80.0
4	76.3	284.0	80.0
5	77.1	119.0	80.0
6	78.2	448.0	80.0
7	76.4	435.0	80.0
8	79.0	337.0	80.0
9	78.0	381.0	80.0
10	77.5	799.0	80.0
11	79.2	1232.0	80.0
12	80.0	197.0	80.0
13	77.5	923.0	80.0
14	79.6	543.0	80.0
15	77.8	743.0	80.0
16	77.9	231.0	80.0
17	78.7	9.0	80.0
18	79.7	1430.0	80.0
19	78.9	446.0	80.0
20	79.4	537.0	80.0
21	78.2	4.0	80.0
22	78.8	466.0	80.0
23	79.6	615.0	80.0
24	77.0	409.0	80.0
25	79.7	142.0	80.0
26	79.9	893.0	80.0
27	78.1	811.0	80.0
28	77.1	610.0	80.0
29	77.3	256.0	80.0
30	76.7	87.0	80.0
31	77.6	1084.0	80.0
32	77.8	0.0	80.0
33	78.8	26.0	80.0
34	77.5	89.0	80.0
35	77.7	652.0	80.0
36	79.0	23.0	80.0
37	76.8	119.0	80.0
38	76.4	234.0	80.0
39	79.7	201.0	80.0
0	83.9	450.0	84.0
1	83.3	196.0	84.0
2	84.0	887.0	84.0
3	83.4	26.0	84.0
4	82.3	713.0	84.0
5	83.2	119.0	84.0
6	80.1	294.0	84.0
7	80.2	1104.0	84.0
8	83.0	674.0	84.0
9	80.8	172.0	84.0
10	83.5	1204.0	84.0
11	81.8	256.0	84.0
12	80.4	26.0	84.0
13	82.1	748.0	84.0
14	81.9	60.0	84.0
15	84.0	284.0	84.0
16	80.2	201.0	84.0
17	83.4	26.0	84.0
18	82.7	1688.0	84.0
19	83.8	1653.0	84.0
20	81.0	1071.0	84.0
21	82.9	196.0	84.0
22	83.8	1560.0	84.0
23	81.3	1201.0	84.0
24	80.2	59.0	84.0
25	81.5	632.0	84.0
26	80.8	1196.0	84.0
27	81.1	23.0	84.0
28	82.8	601.0	84.0
29	83.3	1466.0	84.0
30	81.5	1316.0	84.0
31	82.2	155.0	84.0
32	80.8	4.0	84.0
33	84.0	64.0	84.0
34	83.8	1263.0	84.0
35	83.6	163.0	84.0
36	81.8	647.0	84.0
37	82.1	1483.0	84.0
38	83.8	352.0	84.0
39	80.5	64.0	84.0
0	84.2	1444.0	88.0
1	87.9	2091.0	88.0
2	86.8	64.0	88.0
3	87.8	904.0	88.0
4	85.8	36.0	88.0
5	85.1	1870.0	88.0
6	85.7	716.0	88.0
7	84.5	408.0	88.0
8	85.6	0.0	88.0
9	87.3	1307.0	88.0
10	87.1	1349.0	88.0
11	88.0	230.0	88.0
12	87.7	987.0	88.0
13	84.8	172.0	88.0
14	87.8	455.0	88.0
15	85.3	875.0	88.0
16	87.3	1628.0	88.0
17	88.0	537.0	88.0
18	87.7	214.0	88.0
19	85.8	16.0	88.0
20	86.1	2006.0	88.0
21	84.4	299.0	88.0
22	87.8	904.0	88.0
23	87.5	2170.0	88.0
24	85.2	121.0	88.0
25	87.6	2832.0	88.0
26	85.2	762.0	88.0
27	88.0	59.0	88.0
28	86.3	387.0	88.0
29	87.5	702.0	88.0
30	86.6	53.0	88.0
31	84.4	1556.0	88.0
32	85.1	2053.0	88.0
33	85.4	1127.0	88.0
34	87.6	346.0	88.0
35	87.8	538.0	88.0
36	84.7	205.0	88.0
37	84.3	196.0	88.0
38	86.1	16.0	88.0
39	87.1	463.0	88.0
0	90.7	284.0	92.0
1	89.8	4.0	92.0
2	88.2	831.0	92.0
3	88.8	1742.0	92.0
4	90.9	3145.0	92.0
5	91.4	2880.0	92.0
6	89.0	549.0	92.0
7	92.0	53.0	92.0
8	90.8	89.0	92.0
9	89.4	2006.0	92.0
10	90.9	2064.0	92.0
11	90.3	2038.0	92.0
12	91.3	2977.0	92.0
13	89.1	425.0	92.0
14	92.0	3460.0	92.0
15	88.4	901.0	92.0
16	90.1	1232.0	92.0
17	90.0	1449.0	92.0
18	92.0	16.0	92.0
19	89.2	168.0	92.0
20	91.1	1158.0	92.0
21	91.0	987.0	92.0
22	91.4	328.0	92.0
23	88.5	314.0	92.0
24	90.7	9.0	92.0
25	88.4	1633.0	92.0
26	90.6	3072.0	92.0
27	89.4	23.0	92.0
28	88.7	1932.0	92.0
29	89.1	2291.0	92.0
30	89.3	4.0	92.0
31	88.8	1652.0	92.0
32	90.2	938.0	92.0
33	89.8	39.0	92.0
34	89.0	201.0	92.0
35	89.7	272.0	92.0
36	91.9	277.0	92.0
37	88.8	2163.0	92.0
38	88.8	87.0	92.0
39	91.1	256.0	92.0
0	92.1	210.0	96.0
1	94.4	3899.0	96.0
2	96.0	4142.0	96.0
3	92.6	60.0	96.0
4	93.2	1944.0	96.0
5	95.1	4562.0	96.0
6	94.2	2894.0	96.0
7	93.3	448.0	96.0
8	93.8	3600.0	96.0
9	92.5	1398.0	96.0
10	95.3	0.0	96.0
11	95.5	2414.0	96.0
12	93.0	36.0	96.0
13	93.9	1762.0	96.0
14	93.1	119.0	96.0
15	95.5	1883.0	96.0
16	92.7	760.0	96.0
17	94.3	133.0	96.0
18	95.0	2518.0	96.0
19	95.4	4314.0	96.0
20	93.5	2451.0	96.0
21	96.0	127.0	96.0
22	94.8	1582.0	96.0
23	95.5	1871.0	96.0
24	95.4	943.0	96.0
25	93.6	172.0	96.0
26	93.2	53.0	96.0
27	95.6	2448.0	96.0
28	93.6	2434.0	96.0
29	93.0	419.0	96.0
30	93.7	218.0	96.0
31	92.4	775.0	96.0
32	92.9	1015.0	96.0
33	92.2	142.0	96.0
34	95.6	16.0	96.0
35	94.5	3003.0	96.0
36	93.5	852.0	96.0
37	93.1	142.0	96.0
38	95.7	503.0	96.0
39	92.3	1583.0	96.0
0	97.1	2367.0	100.0
1	99.8	4625.0	100.0
2	100.0	1477.0	100.0
3	99.1	87.0	100.0
4	97.8	0.0	100.0
5	97.4	3333.0	100.0
6	97.8	4.0	100.0
7	99.4	6072.0	100.0
8	97.0	3042.0	100.0
9	97.9	3294.0	100.0
10	97.2	642.0	100.0
11	98.4	4696.0	100.0
12	98.1	3736.0	100.0
13	97.0	2721.0	100.0
14	97.6	1823.0	100.0
15	99.1	385.0	100.0
16	98.7	455.0	100.0
17	98.2	428.0	100.0
18	99.9	1315.0	100.0
19	99.2	2233.0	100.0
20	98.3	4596.0	100.0
21	99.3	1075.0	100.0
22	98.0	2408.0	100.0
23	96.2	1573.0	100.0
24	99.0	3460.0	100.0
25	97.1	4955.0	100.0
26	97.1	1423.0	100.0
27	99.5	2686.0	100.0
28	97.0	448.0	100.0
29	99.7	2050.0	100.0
30	97.8	3944.0	100.0
31	98.7	186.0	100.0
32	99.3	3901.0	100.0
33	99.1	1134.0	100.0
34	99.6	0.0	100.0
35	97.5	2138.0	100.0
36	97.6	1639.0	100.0
37	99.2	5920.0	100.0
38	97.0	1401.0	100.0
39	98.0	2558.0	100.0
0	103.9	1795.0	104.0
1	102.7	901.0	104.0
2	101.5	2290.0	104.0
3	100.4	0.0	104.0
4	103.2	3315.0	104.0
5	103.1	69.0	104.0
6	102.8	999.0	104.0
7	102.0	2721.0	104.0
8	101.2	2212.0	104.0
9	100.3	1252.0	104.0
10	103.1	6316.0	104.0
11	100.9	2066.0	104.0
12	102.9	4705.0	104.0
13	103.9	277.0	104.0
14	100.1	4091.0	104.0
15	103.2	277.0	104.0
16	100.8	1582.0	104.0
17	101.3	1797.0	104.0
18	103.4	5521.0	104.0
19	103.7	768.0	104.0
20	102.5	5223.0	104.0
21	102.5	26.0	104.0
22	102.6	5551.0	104.0
23	100.5	5225.0	104.0
24	102.3	419.0	104.0
25	100.3	1118.0	104.0
26	102.2	210.0	104.0
27	103.7	993.0	104.0
28	101.3	3429.0	104.0
29	102.2	2433.0	104.0
30	103.9	16.0	104.0
31	100.4	3238.0	104.0
32	103.1	560.0	104.0
33	103.4	6491.0	104.0
34	102.3	142.0	104.0
35	103.4	53.0	104.0
36	100.2	186.0	104.0
37	101.5	6120.0	104.0
38	100.9	1914.0	104.0
39	103.8	6374.0	104.0
0	104.6	5187.0	108.0
1	107.7	3727.0	108.0
2	104.9	210.0	108.0
3	107.2	6749.0	108.0
4	106.3	6846.0	108.0
5	106.1	14.0	108.0
6	104.4	1507.0	108.0
7	106.6	806.0	108.0
8	104.1	943.0	108.0
9	107.7	4674.0	108.0
10	106.5	23.0	108.0
11	104.1	16.0	108.0
12	104.6	1170.0	108.0
13	107.2	6264.0	108.0
14	106.2	3421.0	108.0
15	106.4	16.0	108.0
16	107.9	196.0	108.0
17	107.3	16.0	108.0
18	107.0	6435.0	108.0
19	104.7	5768.0	108.0
20	107.2	142.0	108.0
21	107.4	7789.0	108.0
22	107.5	7111.0	108.0
23	104.9	3658.0	108.0
24	107.7	1292.0	108.0
25	105.7	0.0	108.0
26	104.2	69.0	108.0
27	105.3	5057.0	108.0
28	104.5	7506.0	108.0
29	107.3	7033.0	108.0
30	106.9	69.0	108.0
31	104.8	5242.0	108.0
32	105.5	6342.0	108.0
33	106.6	5850.0	108.0
34	106.4	5788.0	108.0
35	104.2	1229.0	108.0
36	107.4	6798.0	108.0
37	107.0	1633.0	108.0
38	107.9	7579.0	108.0
39	105.0	6295.0	108.0
0	108.4	16.0	112.0
1	109.8	8438.0	112.0
2	111.9	6977.0	112.0
3	109.8	7997.0	112.0
4	109.6	3834.0	112.0
5	111.1	3483.0	112.0
6	110.6	6988.0	112.0
7	110.2	15.0	112.0
8	110.1	7025.0	112.0
9	108.9	8579.0	112.0
10	111.2	5599.0	112.0
11	108.6	4775.0	112.0
12	111.0	1116.0	112.0
13	108.8	16.0	112.0
14	110.1	6034.0	112.0
15	110.7	5290.0	112.0
16	108.7	5115.0	112.0
17	109.2	5180.0	112.0
18	111.4	6228.0	112.0
19	108.5	2996.0	112.0
20	111.7	756.0	112.0
21	108.9	0.0	112.0
22	109.8	538.0	112.0
23	108.3	3424.0	112.0
24	111.2	9124.0	112.0
25	110.5	904.0	112.0
26	108.2	6389.0	112.0
27	109.3	1111.0	112.0
28	108.4	7697.0	112.0
29	110.6	7367.0	112.0
30	110.7	3238.0	112.0
31	108.8	7263.0	112.0
32	109.1	3875.0	112.0
33	109.5	7484.0	112.0
34	110.4	15.0	112.0
35	108.6	3296.0	112.0
36	108.9	3115.0	112.0
37	111.6	3722.0	112.0
38	111.8	932.0	112.0
39	108.2	990.0	112.0
0	112.3	6895.0	116.0
1	113.4	2391.0	116.0
2	112.7	5581.0	116.0
3	115.2	256.0	116.0
4	114.0	3315.0	116.0
5	112.4	579.0	116.0
6	114.4	256.0	116.0
7	113.6	64.0	116.0
8	114.3	4823.0	116.0
9	112.2	8904.0	116.0
10	115.5	9362.0	116.0
11	114.9	9665.0	116.0
12	112.4	3207.0	116.0
13	116.0	214.0	116.0
14	115.2	6769.0	116.0
15	112.5	4610.0	116.0
16	115.2	9256.0	116.0
17	113.8	8617.0	116.0
18	115.0	9164.0	116.0
19	114.7	8584.0	116.0
20	115.9	9407.0	116.0
21	112.5	16.0	116.0
22	113.0	9325.0	116.0
23	113.2	9349.0	116.0
24	112.6	0.0	116.0
25	113.7	8776.0	116.0
26	115.9	16.0	116.0
27	112.3	5077.0	116.0
28	115.3	9631.0	116.0
29	114.2	9387.0	116.0
30	112.5	1363.0	116.0
31	112.2	3158.0	116.0
32	114.1	3948.0	116.0
33	114.9	7681.0	116.0
34	115.6	4845.0	116.0
35	114.1	8814.0	116.0
36	112.3	3363.0	116.0
37	114.5	4623.0	116.0
38	113.4	4918.0	116.0
39	113.0	89.0	116.0
0	116.5	3949.0	120.0
1	116.8	2138.0	120.0
2	117.9	1053.0	120.0
3	119.2	755.0	120.0
4	116.6	2188.0	120.0
5	119.7	10390.0	120.0
6	119.2	970.0	120.0
7	118.1	4448.0	120.0
8	117.1	8868.0	120.0
9	117.9	196.0	120.0
10	118.6	8606.0	120.0
11	119.8	3258.0	120.0
12	116.4	1775.0	120.0
13	116.2	337.0	120.0
14	116.2	7893.0	120.0
15	117.4	6794.0	120.0
16	117.6	4671.0	120.0
17	117.0	9884.0	120.0
18	116.2	8931.0	120.0
19	117.5	4670.0	120.0
20	116.2	9924.0	120.0
21	117.3	7414.0	120.0
22	119.8	10190.0	120.0
23	117.5	1441.0	120.0
24	120.0	6827.0	120.0
25	117.9	5890.0	120.0
26	120.0	164.0	120.0
27	116.7	932.0	120.0
28	117.0	9642.0	120.0
29	116.9	9846.0	120.0
30	119.1	842.0	120.0
31	117.7	10304.0	120.0
32	117.1	8977.0	120.0
33	120.0	1431.0	120.0
34	117.2	26.0	120.0
35	117.2	4306.0	120.0
36	117.3	8494.0	120.0
37	116.5	1273.0	120.0
38	118.8	3875.0	120.0
39	119.1	9411.0	120.0
0	122.6	618.0	124.0
1	120.8	549.0	124.0
2	122.0	4845.0	124.0
3	120.1	1505.0	124.0
4	121.0	10675.0	124.0
5	122.7	9724.0	124.0
6	123.1	2611.0	124.0
7	121.7	6848.0	124.0
8	121.9	10314.0	124.0
9	121.9	9423.0	124.0
10	122.2	3566.0	124.0
11	120.5	3384.0	124.0
12	121.7	186.0	124.0
13	123.1	10108.0	124.0
14	120.8	10549.0	124.0
15	120.4	7598.0	124.0
16	123.1	9166.0	124.0
17	121.4	9005.0	124.0
18	123.0	10562.0	124.0
19	122.5	10168.0	124.0
20	123.0	5689.0	124.0
21	121.4	8867.0	124.0
22	120.1	9196.0	124.0
23	123.1	8811.0	124.0
24	120.7	186.0	124.0
25	121.7	8667.0	124.0
26	123.9	1431.0	124.0
27	121.3	9219.0	124.0
28	123.4	1389.0	124.0
29	122.3	3636.0	124.0
30	121.9	2149.0	124.0
31	122.4	7460.0	124.0
32	121.1	4307.0	124.0
33	123.4	8787.0	124.0
34	120.8	6181.0	124.0
35	123.0	8559.0	124.0
36	122.1	1240.0	124.0
37	123.3	10019.0	124.0
38	120.3	943.0	124.0
39	123.1	0.0	124.0
0	124.6	6976.0	128.0
1	124.1	8440.0	128.0
2	124.2	8500.0	128.0
3	127.7	230.0	128.0
4	127.8	10900.0	128.0
5	125.5	731.0	128.0
6	125.0	4852.0	128.0
7	127.9	0.0	128.0
8	125.5	10522.0	128.0
9	124.9	10533.0	128.0
10	127.1	2415.0	128.0
11	124.2	10595.0	128.0
12	126.1	2304.0	128.0
13	125.8	7915.0	128.0
14	126.9	4462.0	128.0
15	125.6	10468.0	128.0
16	125.5	10881.0	128.0
17	124.8	8303.0	128.0
18	126.9	9450.0	128.0
19	127.4	10900.0	128.0
20	125.3	8137.0	128.0
21	124.3	162.0	128.0
22	125.8	10566.0	128.0
23	124.4	10250.0	128.0
24	125.5	10710.0	128.0
25	125.8	6899.0	128.0
26	124.1	10155.0	128.0
27	125.1	4802.0	128.0
28	126.7	2662.0	128.0
29	128.0	10289.0	128.0
30	125.9	10838.0	128.0
31	126.7	10733.0	128.0
32	124.3	10870.0	128.0
33	127.7	10837.0	128.0
34	127.5	1238.0	128.0
35	125.0	597.0	128.0
36	126.5	277.0	128.0
37	124.1	8123.0	128.0
38	125.9	8699.0	128.0
39	127.4	5568.0	128.0
0	131.6	9564.0	132.0
1	130.5	6828.0	132.0
2	128.6	10755.0	132.0
3	128.5	9423.0	132.0
4	128.1	5430.0	132.0
5	131.1	11180.0	132.0
6	129.9	10828.0	132.0
7	128.1	284.0	132.0
8	130.1	4610.0	132.0
9	128.7	16.0	132.0
10	129.3	8785.0	132.0
11	128.2	10776.0	132.0
12	130.7	10095.0	132.0
13	128.5	9669.0	132.0
14	129.9	5178.0	132.0
15	128.9	10682.0	132.0
16	128.9	10527.0	132.0
17	129.3	5178.0	132.0
18	130.2	8804.0	132.0
19	129.8	9944.0	132.0
20	129.1	7273.0	132.0
21	128.2	10240.0	132.0
22	129.4	236.0	132.0
23	129.4	7466.0	132.0
24	129.5	8940.0	132.0
25	129.3	9550.0	132.0
26	128.4	11135.0	132.0
27	128.7	9921.0	132.0
28	130.4	10717.0	132.0
29	130.3	10701.0	132.0
30	131.3	1950.0	132.0
31	131.4	4029.0	132.0
32	128.3	10933.0	132.0
33	131.6	10665.0	132.0
34	128.9	8868.0	132.0
35	128.9	10804.0	132.0
36	131.6	2318.0	132.0
37	131.0	839.0	132.0
38	129.2	10975.0	132.0
39	129.4	10532.0	132.0
0	134.3	9881.0	136.0
1	134.5	11162.0	136.0
2	132.1	9170.0	136.0
3	133.3	8793.0	136.0
4	135.9	842.0	136.0
5	134.4	440.0	136.0
6	133.2	0.0	136.0
7	135.8	10936.0	136.0
8	134.9	5977.0	136.0
9	132.2	9589.0	136.0
10	134.6	10056.0	136.0
11	132.9	4256.0	136.0
12	132.1	11305.0	136.0
13	132.4	11276.0	136.0
14	133.6	11138.0	136.0
15	133.9	842.0	136.0
16	135.8	11251.0	136.0
17	132.1	11175.0	136.0
18	134.3	11156.0	136.0
19	135.1	11113.0	136.0
20	133.7	6257.0	136.0
21	132.3	7616.0	136.0
22	135.1	1188.0	136.0
23	132.8	4594.0	136.0
24	136.0	10310.0	136.0
25	136.0	11242.0	136.0
26	133.8	1460.0	136.0
27	132.2	11145.0	136.0
28	134.2	11271.0	136.0
29	133.8	10918.0	136.0
30	134.3	10791.0	136.0
31	132.6	10697.0	136.0
32	133.7	9457.0	136.0
33	132.6	8769.0	136.0
34	133.1	9219.0	136.0
35	133.8	618.0	136.0
36	133.4	4495.0	136.0
37	133.4	11313.0	136.0
38	135.0	5843.0	136.0
39	132.6	11246.0	136.0
0	136.8	11103.0	140.0
1	136.2	10908.0	140.0
2	139.7	11302.0	140.0
3	138.7	3115.0	140.0
4	138.7	10936.0	140.0
5	138.0	11402.0	140.0
6	139.6	10226.0	140.0
7	139.8	11190.0	140.0
8	137.9	7465.0	140.0
9	139.2	7915.0	140.0
10	137.5	6257.0	140.0
11	137.7	11229.0	140.0
12	139.4	7548.0	140.0
13	137.9	10404.0	140.0
14	138.0	10663.0	140.0
15	136.8	9961.0	140.0
16	138.4	8497.0	140.0
17	140.0	11231.0	140.0
18	136.1	3238.0	140.0
19	139.7	9219.0	140.0
20	136.7	7072.0	140.0
21	138.4	7466.0	140.0
22	138.2	8482.0	140.0
23	136.4	11332.0	140.0
24	137.0	10990.0	140.0
25	138.4	9294.0	140.0
26	138.0	5619.0	140.0
27	137.9	11001.0	140.0
28	137.9	11070.0	140.0
29	138.9	119.0	140.0
30	137.9	549.0	140.0
31	140.0	11367.0	140.0
32	136.2	10961.0	140.0
33	137.8	10042.0	140.0
34	137.2	9423.0	140.0
35	138.2	10918.0	140.0
36	138.7	11211.0	140.0
37	138.4	9593.0	140.0
38	138.7	10472.0	140.0
39	138.4	8638.0	140.0
0	141.3	9457.0	144.0
1	140.7	11463.0	144.0
2	141.4	11258.0	144.0
3	143.2	10579.0	144.0
4	142.8	4403.0	144.0
5	140.8	10510.0	144.0
6	142.0	9294.0	144.0
7	141.0	8286.0	144.0
8	140.8	1627.0	144.0
9	143.9	10684.0	144.0
10	141.0	11417.0	144.0
11	143.0	6527.0	144.0
12	140.7	10448.0	144.0
13	140.7	8123.0	144.0
14	143.5	10665.0	144.0
15	140.7	9236.0	144.0
16	141.1	11378.0	144.0
17	141.9	11248.0	144.0
18	140.4	11013.0	144.0
19	142.9	9589.0	144.0
20	142.3	236.0	144.0
21	142.2	11450.0	144.0
22	142.2	11487.0	144.0
23	141.7	8303.0	144.0
24	142.8	11448.0	144.0
25	140.4	11040.0	144.0
26	144.0	11112.0	144.0
27	143.8	11360.0	144.0
28	143.0	11396.0	144.0
29	140.8	9959.0	144.0
30	142.3	10256.0	144.0
31	143.0	11432.0	144.0
32	143.1	2298.0	144.0
33	142.7	11394.0	144.0
34	140.1	9961.0	144.0
35	140.2	256.0	144.0
36	141.0	8497.0	144.0
37	141.1	11283.0	144.0
38	143.3	731.0	144.0
39	140.6	10256.0	144.0
0	147.2	11527.0	148.0
1	146.8	10804.0	148.0
2	144.2	3948.0	148.0
3	144.3	11138.0	148.0
4	145.3	864.0	148.0
5	144.4	11494.0	148.0
6	144.7	11259.0	148.0
7	144.5	8055.0	148.0
8	147.8	8811.0	148.0
9	146.5	10997.0	148.0
10	145.1	864.0	148.0
11	147.4	11149.0	148.0
12	144.4	11350.0	148.0
13	146.0	5178.0	148.0
14	146.3	16.0	148.0
15	147.5	9593.0	148.0
16	145.1	10913.0	148.0
17	144.9	9219.0	148.0
18	145.2	11188.0	148.0
19	144.3	10701.0	148.0
20	145.3	11429.0	148.0
21	147.2	10804.0	148.0
22	144.9	4475.0	148.0
23	147.8	11112.0	148.0
24	146.3	11384.0	148.0
25	144.4	8811.0	148.0
26	146.2	473.0	148.0
27	146.5	11465.0	148.0
28	146.8	8811.0	148.0
29	146.3	11535.0	148.0
30	144.5	11493.0	148.0
31	145.1	11383.0	148.0
32	146.9	9961.0	148.0
33	147.4	10891.0	148.0
34	144.3	10404.0	148.0
35	147.6	11352.0	148.0
36	145.6	11205.0	148.0
37	147.5	11473.0	148.0
38	146.0	1731.0	148.0
39	146.2	9256.0	148.0
0	149.7	9256.0	152.0
1	148.3	11115.0	152.0
2	148.5	9617.0	152.0
3	151.4	11474.0	152.0
4	151.6	11419.0	152.0
5	148.3	8497.0	152.0
6	150.5	11238.0	152.0
7	150.3	11259.0	152.0
8	148.2	11347.0	152.0
9	150.8	10010.0	152.0
10	150.9	864.0	152.0
11	150.9	11458.0	152.0
12	149.5	11291.0	152.0
13	148.2	11519.0	152.0
14	150.1	9219.0	152.0
15	151.9	11563.0	152.0
16	149.8	9219.0	152.0
17	151.9	6307.0	152.0
18	150.3	4775.0	152.0
19	149.2	10804.0	152.0
20	148.8	5581.0	152.0
21	149.3	4993.0	152.0
22	151.4	8440.0	152.0
23	149.6	3115.0	152.0
24	150.4	10169.0	152.0
25	151.2	10226.0	152.0
26	150.9	11504.0	152.0
27	149.1	7915.0	152.0
28	151.6	864.0	152.0
29	151.5	11115.0	152.0
30	148.8	11465.0	152.0
31	148.6	11430.0	152.0
32	148.3	7908.0	152.0
33	151.7	9294.0	152.0
34	150.0	10010.0	152.0
35	150.0	9589.0	152.0
36	150.8	9589.0	152.0
37	148.4	11547.0	152.0
38	148.9	11491.0	152.0
39	149.8	8497.0	152.0
0	154.7	11598.0	156.0
1	154.2	11578.0	156.0
2	154.4	2298.0	156.0
3	152.9	11504.0	156.0
4	155.1	11567.0	156.0
5	155.8	11568.0	156.0
6	153.9	11571.0	156.0
7	154.2	11521.0	156.0
8	155.8	11573.0	156.0
9	152.3	9256.0	156.0
10	154.5	11430.0	156.0
11	156.0	11545.0	156.0
12	152.6	11218.0	156.0
13	152.8	11259.0	156.0
14	155.5	11430.0	156.0
15	155.5	11312.0	156.0
16	155.2	5178.0	156.0
17	153.9	11419.0	156.0
18	154.8	11544.0	156.0
19	153.3	11347.0	156.0
20	153.5	11452.0	156.0
21	154.8	11502.0	156.0
22	155.0	11435.0	156.0
23	155.7	539.0	156.0
24	155.0	9256.0	156.0
25	154.8	10900.0	156.0
26	154.4	1535.0	156.0
27	154.2	11580.0	156.0
28	154.5	4918.0	156.0
29	153.2	11396.0	156.0
30	152.9	4775.0	156.0
31	153.1	9256.0	156.0
32	155.6	11435.0	156.0
33	154.0	9256.0	156.0
34	153.9	9256.0	156.0
35	154.9	4993.0	156.0
36	153.6	11491.0	156.0
37	154.2	11485.0	156.0
38	154.8	11551.0	156.0
39	152.6	11563.0	156.0
0	156.3	11598.0	160.0
1	158.0	11558.0	160.0
2	157.1	11312.0	160.0
3	156.1	11358.0	160.0
4	156.8	11542.0	160.0
5	156.6	11590.0	160.0
6	159.1	473.0	160.0
7	156.8	9037.0	160.0
8	159.0	6527.0	160.0
9	159.3	11383.0	160.0
10	157.8	11218.0	160.0
11	157.1	11508.0	160.0
12	157.0	11585.0	160.0
13	156.6	11591.0	160.0
14	158.5	11576.0	160.0
15	158.0	11581.0	160.0
16	157.4	11492.0	160.0
17	158.4	11513.0	160.0
18	156.1	10900.0	160.0
19	156.2	11465.0	160.0
20	156.3	6578.0	160.0
21	157.5	10010.0	160.0
22	158.5	473.0	160.0
23	158.0	11508.0	160.0
24	156.4	11218.0	160.0
25	157.4	10010.0	160.0
26	156.6	5581.0	160.0
27	160.0	11568.0	160.0
28	156.2	1522.0	160.0
29	157.2	11585.0	160.0
30	157.5	11583.0	160.0
31	157.4	4993.0	160.0
32	159.7	11586.0	160.0
33	156.3	11580.0	160.0
34	157.2	10996.0	160.0
35	156.2	10997.0	160.0
36	158.6	11603.0	160.0
37	157.3	11465.0	160.0
38	159.4	11600.0	160.0
39	158.7	11218.0	160.0
0	162.8	11578.0	164.0
1	161.1	11319.0	164.0
2	161.9	11569.0	164.0
3	163.2	11589.0	164.0
4	162.4	11606.0	164.0
5	162.1	10010.0	164.0
6	163.7	11383.0	164.0
7	162.2	9256.0	164.0
8	160.3	11563.0	164.0
9	160.5	8793.0	164.0
10	161.6	11218.0	164.0
11	164.0	4775.0	164.0
12	164.0	11358.0	164.0
13	162.2	11383.0	164.0
14	163.8	11590.0	164.0
15	162.4	11594.0	164.0
16	160.4	11589.0	164.0
17	161.5	11605.0	164.0
18	163.2	4775.0	164.0
19	161.0	11563.0	164.0
20	160.4	1522.0	164.0
21	162.1	11218.0	164.0
22	162.7	9256.0	164.0
23	160.7	11573.0	164.0
24	160.2	11569.0	164.0
25	160.6	11598.0	164.0
26	161.5	11419.0	164.0
27	160.1	11609.0	164.0
28	160.4	11558.0	164.0
29	161.5	11563.0	164.0
30	163.6	11542.0	164.0
31	163.5	11605.0	164.0
32	160.8	11076.0	164.0
33	162.2	4775.0	164.0
34	160.5	6578.0	164.0
35	163.9	11595.0	164.0
36	163.3	11616.0	164.0
37	163.4	11612.0	164.0
38	163.3	10996.0	164.0
39	160.6	11458.0	164.0
0	164.8	4775.0	168.0
1	164.2	11563.0	168.0
2	165.6	11596.0	168.0
3	166.4	10790.0	168.0
4	167.6	1522.0	168.0
5	165.9	2298.0	168.0
6	165.7	11610.0	168.0
7	164.6	11615.0	168.0
8	165.7	6578.0	168.0
9	164.4	1522.0	168.0
10	166.7	11619.0	168.0
11	165.4	11542.0	168.0
12	167.4	11611.0	168.0
13	166.3	11594.0	168.0
14	167.4	11596.0	168.0
15	166.6	11579.0	168.0
16	164.3	11613.0	168.0
17	164.3	11238.0	168.0
18	166.4	11622.0	168.0
19	166.8	8055.0	168.0
20	166.2	11617.0	168.0
21	167.9	10010.0	168.0
22	165.3	11555.0	168.0
23	165.7	11602.0	168.0
24	164.5	11619.0	168.0
25	166.8	1522.0	168.0
26	165.4	11621.0	168.0
27	164.7	8055.0	168.0
28	166.1	11238.0	168.0
29	165.0	11607.0	168.0
30	165.1	10169.0	168.0
31	166.2	11596.0	168.0
32	164.6	6578.0	168.0
33	167.3	11618.0	168.0
34	164.1	11594.0	168.0
35	166.1	11598.0	168.0
36	167.7	1522.0	168.0
37	164.7	11605.0	168.0
38	167.7	11596.0	168.0
39	167.3	11579.0	168.0
